k-mer	Count	GC%
TACG	563	50.0
ACGA	2459	50.0
CGAG	5904	75.0
GAGA	964	50.0
AGAT	595	25.0
GATC	2419	50.0
ATCC	1012	50.0
TCCA	581	50.0
CCAG	1035	75.0
CAGG	1202	75.0
AGGT	1029	50.0
GGTC	2179	75.0
GTCC	748	75.0
TCCC	750	75.0
CCCG	3055	100.0
CCGA	3420	75.0
CGAC	5609	75.0
GACC	2357	75.0
ACCG	2221	75.0
GAGG	2578	75.0
AGGA	1008	50.0
GGAC	811	75.0
GACG	4217	75.0
ACGT	1172	50.0
CGTG	2744	75.0
GTGC	2650	75.0
TGCT	1839	50.0
GCTG	2338	75.0
CTGG	932	75.0
TGGA	526	50.0
GGAG	1475	75.0
AGAC	634	50.0
CGAA	1083	50.0
GAAG	1187	50.0
AAGA	367	25.0
AGAA	357	25.0
GAAC	853	50.0
AACG	662	50.0
ACGG	1863	75.0
CGGC	7349	100.0
GGCC	3191	100.0
GCCA	1075	75.0
AGGC	1600	75.0
CCAA	204	50.0
CAAG	614	50.0
AAGC	641	50.0
AGCG	2706	75.0
GCGC	8182	100.0
CGCG	9457	100.0
GCGT	2330	75.0
GTGA	812	50.0
TGAA	302	25.0
AACC	416	50.0
CCGC	5337	100.0
TGCG	2082	75.0
TGCC	1673	75.0
GCCC	2932	100.0
CCGG	2962	100.0
GGCT	1917	75.0
GCTA	256	50.0
CTAC	753	50.0
GCTC	5056	75.0
CTCT	602	50.0
TCTG	376	50.0
CTGC	2565	75.0
GCCG	6871	100.0
CGCA	2230	75.0
GCAT	1204	50.0
CATG	924	50.0
ATGG	639	50.0
ACCT	1095	50.0
CCTG	1194	75.0
CTGA	448	50.0
GACA	601	50.0
ACAC	443	50.0
CACC	1733	75.0
TGGT	532	50.0
GTCG	5283	75.0
TCGG	3354	75.0
CGGT	2046	75.0
TCGT	2821	50.0
CGCC	5989	100.0
CCAC	1167	75.0
CACA	316	50.0
CACG	2571	75.0
ACGC	2519	75.0
GGCG	6150	100.0
TGAC	725	50.0
GCTT	628	50.0
CTTC	1488	50.0
TTCG	1347	50.0
GTGG	1181	75.0
TGGG	762	75.0
GGGC	3066	100.0
GGCA	1825	75.0
GCAA	416	50.0
CAAC	619	50.0
CCCA	712	75.0
ACAA	227	25.0
ACCC	919	75.0
CCCC	1166	100.0
CGCT	3141	75.0
TCGA	4429	50.0
CGTT	639	50.0
GTTC	1006	50.0
TTCA	368	25.0
TCAC	986	50.0
CGAT	2260	50.0
GATG	1650	50.0
ATGC	1049	50.0
CTCA	954	50.0
TCAA	447	25.0
AGCC	1573	75.0
CCAT	553	50.0
CATC	2146	50.0
ATCG	2590	50.0
TCGC	4779	75.0
GAGC	4202	75.0
AGCA	1390	50.0
GCAG	2429	75.0
CAGC	2021	75.0
AGCT	1381	50.0
CTCG	6163	75.0
CAGA	465	50.0
AAGG	608	50.0
GCGG	5335	100.0
CCCT	834	75.0
CCTC	2496	75.0
ACCA	591	50.0
GTCA	850	50.0
GACT	604	50.0
ACTT	269	25.0
GCGA	4548	75.0
ATCA	585	25.0
AGGG	918	75.0
CGGG	2925	100.0
TTCC	549	50.0
GCAC	2333	75.0
TCAG	343	50.0
CCGT	1779	75.0
CGTC	4335	75.0
GCCT	1548	75.0
CTGT	333	50.0
TGTT	258	25.0
ACTC	515	50.0
CTCC	1317	75.0
TCCG	1351	75.0
TCTA	212	25.0
CTAG	61	50.0
TAGT	95	25.0
AGTC	570	50.0
TCTC	969	50.0
AGAG	366	50.0
GGAT	812	50.0
ACAT	410	25.0
GGAA	393	50.0
TGGC	1068	75.0
GGGT	776	75.0
GTCT	620	50.0
TGAT	512	25.0
TGCA	937	50.0
AACA	224	25.0
TCAT	981	25.0
GAGT	641	50.0
AGTT	220	25.0
TTCT	335	25.0
CGTA	384	50.0
GTAC	457	50.0
TACA	193	25.0
CGGA	1194	75.0
GGTG	1644	75.0
CAGT	373	50.0
AGTG	314	50.0
GGGA	763	75.0
AACT	206	25.0
ATCT	482	25.0
TAGG	167	50.0
ACAG	254	50.0
AAGT	229	25.0
CCTA	247	50.0
TACC	320	50.0
AGTA	234	25.0
GGTA	262	50.0
GTTT	26	25.0
TTTC	31	25.0
TCTT	482	25.0
TCCT	944	50.0
TGAG	640	50.0
CACT	309	50.0
ACTG	370	50.0
CCTT	484	50.0
GGGG	1141	100.0
GTAT	38	25.0
TATC	46	25.0
GAAA	34	25.0
AAAG	32	25.0
CAAT	36	25.0
AATC	58	25.0
GGTT	298	50.0
GTTG	373	50.0
TTGG	136	50.0
GAAT	61	25.0
CAAA	25	25.0
ATGA	681	25.0
CATT	46	25.0
ATTC	74	25.0
GTGT	363	50.0
TGTC	417	50.0
TTAC	14	25.0
TACT	187	25.0
ACTA	152	25.0
GTAG	493	50.0
TAGC	186	50.0
ATGT	274	25.0
GATA	47	25.0
ATAC	38	25.0
TTGC	267	50.0
TGTA	128	25.0
CTTG	344	50.0
TAGA	156	25.0
TTGA	238	25.0
ATAG	42	25.0
TATG	32	25.0
TGTG	304	50.0
CTAT	42	25.0
CATA	32	25.0
AATG	37	25.0
GATT	63	25.0
GTAA	19	25.0
TAAG	12	25.0
AAAC	25	25.0
CTTT	22	25.0
TTTG	21	25.0
TTGT	137	25.0
AATT	12	0.0
TAAC	11	25.0
ATTG	40	25.0
CTAA	11	25.0
TAAT	11	0.0
GTTA	10	25.0
AAAA	14	0.0
