k-mer	DJ_Count
AAAAA	78
AAAAD	10
AAAAE	24
AAAAF	12
AAAAG	48
AAAAL	47
AAAAP	21
AAAAR	41
AAAAS	19
AAAAV	31
AAADA	12
AAADG	14
AAADL	11
AAAEA	41
AAAEG	13
AAAEL	18
AAAEP	10
AAAEQ	10
AAAER	28
AAAES	10
AAAEV	12
AAAFA	19
AAAFG	11
AAAGA	43
AAAGE	13
AAAGF	15
AAAGG	26
AAAGI	18
AAAGL	37
AAAGS	10
AAAGV	18
AAAHA	10
AAAIA	17
AAAIL	11
AAAKA	16
AAAKG	10
AAALA	71
AAALD	21
AAALE	16
AAALF	11
AAALG	33
AAALL	54
AAALP	21
AAALR	27
AAALS	15
AAALT	12
AAALV	27
AAANA	11
AAAPA	32
AAAPE	11
AAAPG	11
AAAPL	10
AAAPP	10
AAAPS	11
AAAQA	29
AAAQG	13
AAAQR	10
AAAQS	11
AAARA	42
AAARD	14
AAARE	14
AAARG	20
AAARH	11
AAARI	10
AAARL	30
AAARP	11
AAARQ	16
AAARR	29
AAART	26
AAASA	20
AAASG	21
AAASL	15
AAASQ	11
AAASR	11
AAATA	23
AAAVA	39
AAAVE	14
AAAVG	13
AAAVI	13
AAAVL	17
AAAVR	13
AAAVS	12
AACAA	10
AADAA	15
AADAL	20
AADEV	11
AADGA	16
AADGG	12
AADGR	12
AADGS	17
AADLA	23
AADLD	12
AADLE	14
AADLL	18
AADLP	14
AADLV	11
AADPA	11
AADRA	11
AADRL	10
AADSL	11
AAEAA	29
AAEAE	15
AAEAG	19
AAEAL	35
AAEAR	14
AAEAV	11
AAEEA	25
AAEEL	13
AAEEV	12
AAEGL	10
AAEID	10
AAELA	35
AAELD	12
AAELE	18
AAELG	19
AAELL	24
AAELP	11
AAELR	17
AAELS	11
AAELV	13
AAEPG	11
AAEPL	12
AAEQA	13
AAEQL	14
AAEQQ	11
AAERA	20
AAERD	10
AAERE	15
AAERF	21
AAERL	49
AAERP	10
AAERR	11
AAESL	15
AAETA	10
AAETL	15
AAEVA	14
AAEVE	13
AAEVL	15
AAEVR	12
AAFAA	27
AAFAE	10
AAFAG	12
AAFAR	11
AAFEA	10
AAFLA	11
AAFLL	10
AAFRA	13
AAFVA	11
AAGAA	33
AAGAD	17
AAGAE	13
AAGAG	22
AAGAL	28
AAGAP	20
AAGAQ	12
AAGAR	17
AAGAS	14
AAGAV	18
AAGDA	11
AAGDR	11
AAGEA	17
AAGEG	10
AAGEL	17
AAGER	20
AAGEV	10
AAGFA	19
AAGFG	11
AAGFI	11
AAGFL	13
AAGFV	11
AAGGA	14
AAGGG	24
AAGGL	21
AAGGP	10
AAGGR	14
AAGGV	10
AAGIA	19
AAGIG	13
AAGIL	10
AAGIP	10
AAGKA	11
AAGKG	12
AAGKL	10
AAGKP	12
AAGKR	10
AAGLA	34
AAGLD	21
AAGLE	14
AAGLF	10
AAGLG	18
AAGLI	10
AAGLL	35
AAGLP	27
AAGLR	16
AAGLS	18
AAGLT	12
AAGLV	17
AAGMA	12
AAGPA	15
AAGQA	14
AAGQL	10
AAGRA	23
AAGRL	27
AAGRP	13
AAGRR	11
AAGRV	10
AAGSA	20
AAGSD	10
AAGSL	20
AAGSS	12
AAGTA	11
AAGTL	14
AAGTR	11
AAGVA	15
AAGVG	15
AAGVL	12
AAGVP	22
AAGVR	11
AAGVT	16
AAGYE	21
AAHAA	15
AAIAA	27
AAIAD	13
AAIAE	14
AAIAR	10
AAIDA	24
AAIEA	17
AAIER	15
AAIGA	13
AAIGG	12
AAIGL	13
AAILA	15
AAILG	17
AAILL	11
AAINA	10
AAIPA	11
AAIQA	11
AAIRA	23
AAIRE	13
AAIRL	12
AAIRQ	12
AAIVG	10
AAKAA	24
AAKAL	11
AAKLA	10
AALAA	118
AALAD	32
AALAE	51
AALAG	63
AALAI	17
AALAL	58
AALAP	13
AALAQ	13
AALAR	53
AALAS	28
AALAT	18
AALAV	30
AALDA	32
AALDD	10
AALDE	17
AALDG	18
AALDL	16
AALDP	11
AALDR	18
AALEA	39
AALEE	15
AALEG	13
AALEK	11
AALEL	14
AALEQ	19
AALER	33
AALEV	12
AALFA	20
AALFG	13
AALGA	29
AALGD	15
AALGE	20
AALGG	32
AALGI	14
AALGL	37
AALGQ	11
AALGR	16
AALGS	14
AALGV	19
AALIA	17
AALID	10
AALIG	17
AALIR	12
AALKA	19
AALKR	10
AALLA	66
AALLD	25
AALLE	35
AALLG	38
AALLI	18
AALLL	73
AALLP	18
AALLQ	10
AALLR	24
AALLS	14
AALLT	16
AALLV	21
AALPA	30
AALPD	10
AALPE	20
AALPG	24
AALPL	12
AALPR	10
AALQA	17
AALQG	11
AALQR	14
AALRA	36
AALRD	21
AALRE	23
AALRG	26
AALRH	13
AALRL	28
AALRP	10
AALRQ	18
AALRR	21
AALRS	14
AALRV	18
AALSA	33
AALSG	15
AALSL	13
AALSR	12
AALSV	12
AALTA	15
AALTE	10
AALTG	18
AALTL	19
AALTR	13
AALVA	39
AALVE	12
AALVG	16
AALVL	19
AALVP	11
AALVQ	11
AALVV	10
AALYL	10
AAMAA	11
AAMAE	11
AAMAL	10
AAMEQ	10
AAMLR	10
AANAA	16
AANAL	10
AAPAA	30
AAPAG	22
AAPAL	11
AAPAP	18
AAPAR	16
AAPAV	14
AAPDA	11
AAPEP	13
AAPGA	12
AAPLA	17
AAPLE	11
AAPLL	17
AAPPA	22
AAPVA	18
AAQAA	32
AAQAE	17
AAQAG	20
AAQAL	27
AAQAP	10
AAQAV	10
AAQEA	10
AAQLA	15
AAQLG	10
AAQLR	10
AAQLV	12
AAQRA	19
AAQRL	13
AAQRR	13
AARAA	41
AARAD	11
AARAE	15
AARAF	10
AARAG	31
AARAL	33
AARAQ	16
AARAR	14
AARAS	13
AARAV	18
AARDA	10
AAREA	17
AAREI	17
AAREL	13
AARER	16
AAREV	12
AARFA	10
AARFG	16
AARGA	12
AARGE	11
AARGL	22
AARGR	10
AARGV	11
AARIA	13
AARIR	10
AARKA	11
AARLA	52
AARLE	17
AARLG	29
AARLK	13
AARLL	33
AARLQ	17
AARLR	27
AARNA	10
AARPA	14
AARQA	22
AARQG	13
AARQL	21
AARRA	18
AARRF	12
AARRG	19
AARRL	27
AARRR	21
AARRV	12
AARSG	11
AARSL	20
AARTA	10
AARTL	11
AARTV	21
AARVL	14
AASAA	30
AASAG	12
AASAL	17
AASAS	11
AASEA	12
AASGA	14
AASGG	15
AASGL	14
AASGR	12
AASGV	10
AASLA	38
AASLE	12
AASLG	19
AASLI	10
AASLL	11
AASLP	17
AASLR	12
AASLY	12
AASPA	16
AASQV	13
AASRA	10
AASRE	13
AASRP	10
AASRR	12
AATAA	14
AATAL	16
AATGL	10
AATLA	29
AATLE	16
AATLL	20
AATLS	13
AATLV	10
AATNR	10
AATPA	14
AATPV	11
AATVA	16
AAVAA	53
AAVAD	12
AAVAE	23
AAVAG	18
AAVAL	26
AAVAP	18
AAVAR	17
AAVAV	11
AAVDA	12
AAVEA	24
AAVER	24
AAVGA	19
AAVGL	17
AAVIG	10
AAVKA	17
AAVLA	28
AAVLE	10
AAVLG	19
AAVLL	35
AAVLS	12
AAVLV	15
AAVQA	10
AAVRA	15
AAVRD	11
AAVRE	10
AAVRL	11
AAVRR	14
AAVSA	10
AAVSL	10
AAVTA	10
AAVVA	16
AAVVG	11
AAVVL	10
AAVYA	10
AAWLA	11
AAWLG	13
AAWQA	10
AAWQQ	11
AAYAA	13
AAYAR	11
AAYLA	10
AAYLV	16
AAYRL	10
ACAGR	10
ACALA	15
ACDRS	11
ACLAA	12
ADAAA	15
ADAAG	15
ADAAL	15
ADAAR	13
ADAEG	20
ADAGL	10
ADALA	30
ADALE	11
ADALI	10
ADALL	14
ADALR	12
ADALV	12
ADAQA	11
ADARA	10
ADARL	10
ADAVA	11
ADAVL	13
ADAVR	10
ADDAA	10
ADDFG	10
ADDLL	10
ADDQV	11
ADDYL	15
ADEAA	13
ADEAR	12
ADELA	14
ADEPT	12
ADEQA	10
ADFAA	10
ADGAL	13
ADGEL	10
ADGER	10
ADGGT	20
ADGLA	12
ADGLV	10
ADGRL	25
ADGRP	12
ADGRR	12
ADGRV	16
ADGSI	11
ADGSL	26
ADGTL	22
ADGTV	11
ADIAR	11
ADIEA	10
ADIER	11
ADIRA	10
ADLAA	32
ADLAE	14
ADLAG	13
ADLAL	15
ADLAP	12
ADLAQ	11
ADLAR	23
ADLAV	17
ADLDA	17
ADLDR	10
ADLEA	10
ADLEQ	12
ADLER	13
ADLFR	12
ADLIL	12
ADLLA	21
ADLLD	10
ADLLE	14
ADLLG	17
ADLLL	17
ADLLR	11
ADLLS	10
ADLPA	11
ADLPV	10
ADLQR	11
ADLRA	10
ADLRG	12
ADLRL	17
ADLRR	16
ADLSG	10
ADLVA	14
ADLVI	11
ADNLL	10
ADPAA	10
ADPAL	13
ADPAR	13
ADRAA	10
ADRAR	10
ADRIG	10
ADRLA	16
ADRLG	11
ADRLL	12
ADRRS	10
ADRVL	13
ADTFR	15
ADTLA	15
ADVAR	10
ADVEA	13
ADVFR	10
ADYLA	12
ADYLL	13
AEAAA	34
AEAAG	23
AEAAK	10
AEAAL	27
AEAAR	25
AEAEA	19
AEAEL	21
AEAER	15
AEAFA	17
AEAFL	11
AEAGA	11
AEAGL	27
AEAGR	11
AEAGV	15
AEAIA	15
AEAIL	14
AEAIV	12
AEAKA	11
AEALA	31
AEALD	13
AEALE	14
AEALG	36
AEALL	36
AEALP	11
AEALQ	12
AEALR	38
AEALV	14
AEAPA	12
AEAQA	11
AEARA	23
AEARE	17
AEARG	11
AEARL	10
AEARP	10
AEATA	10
AEAVA	17
AEAVE	11
AEAVR	12
AEDLA	10
AEEAA	12
AEEAK	13
AEEAL	13
AEEAR	14
AEEIA	18
AEELA	20
AEELG	17
AEELL	10
AEFGL	10
AEGAA	12
AEGAL	13
AEGAR	10
AEGDL	12
AEGEA	10
AEGIR	11
AEGLA	19
AEGLL	12
AEGLR	11
AEGRL	14
AEGRR	17
AEGTL	13
AEGVE	12
AEGVG	10
AEHGL	10
AEIAA	18
AEIAR	12
AEIEI	10
AEILA	13
AEIRR	14
AEIVA	12
AEKAA	11
AEKAG	13
AEKLR	10
AELAA	52
AELAD	17
AELAE	25
AELAG	21
AELAL	12
AELAP	13
AELAQ	10
AELAR	37
AELAS	15
AELAT	10
AELAV	13
AELDA	20
AELDD	10
AELDE	12
AELDR	15
AELEA	18
AELEL	12
AELER	32
AELGA	16
AELGE	16
AELGL	21
AELGR	14
AELGS	10
AELGV	15
AELIA	10
AELKR	10
AELLA	34
AELLE	23
AELLG	15
AELLK	10
AELLL	15
AELLP	12
AELLQ	10
AELLR	16
AELNA	12
AELPA	18
AELPE	12
AELPG	13
AELPL	12
AELQR	14
AELRA	19
AELRD	13
AELRE	13
AELRG	13
AELRL	11
AELRR	29
AELSA	11
AELSG	10
AELVA	19
AELVE	11
AELVG	16
AELVQ	10
AELVR	11
AEPAA	12
AEPLR	11
AEQAA	14
AEQAE	10
AEQAG	14
AEQAL	12
AEQAR	13
AEQLA	16
AEQLG	15
AEQQA	13
AEQQE	10
AEQQR	12
AEQRL	10
AERAA	28
AERAG	20
AERAL	18
AERAR	16
AERAV	16
AERDL	11
AEREL	13
AERER	17
AEREV	11
AERFA	14
AERFD	15
AERFV	16
AERGL	29
AERIA	14
AERIE	11
AERIG	11
AERIR	11
AERIV	12
AERLA	55
AERLD	16
AERLE	15
AERLG	40
AERLH	10
AERLI	13
AERLK	11
AERLL	27
AERLP	14
AERLR	23
AERLS	10
AERLV	15
AERLY	11
AERPA	10
AERPL	10
AERPV	10
AERQA	11
AERRA	17
AERRG	11
AERRL	15
AERVA	16
AERVR	11
AERYA	11
AESLA	13
AESLG	14
AESLR	11
AETAA	22
AETLL	15
AETLR	11
AEVAA	22
AEVAR	26
AEVEA	11
AEVER	15
AEVLA	17
AEVLE	14
AEVLK	12
AEVLN	11
AEVQR	18
AEVRR	14
AEVVA	13
AEYLA	12
AFAAE	10
AFAAG	10
AFAAI	10
AFAAL	20
AFAAR	11
AFAEA	16
AFAEL	16
AFAGA	10
AFAGL	13
AFALA	13
AFALG	10
AFALL	12
AFARA	15
AFARL	10
AFASL	10
AFERA	11
AFERL	10
AFGAA	11
AFGLL	13
AFLAL	14
AFLLA	10
AFLLL	12
AFLRR	11
AFQRL	10
AFSKL	17
AFTGA	20
AFVER	13
AFVTV	10
AGAAA	33
AGAAG	23
AGAAL	40
AGAAP	11
AGAAR	17
AGAAS	12
AGAAV	20
AGADA	12
AGADG	11
AGADL	17
AGADV	13
AGADY	12
AGAEL	16
AGAGG	12
AGAGI	10
AGAGL	19
AGAGS	10
AGAGY	13
AGAIG	10
AGAIL	13
AGALA	30
AGALD	13
AGALE	11
AGALG	15
AGALL	33
AGALP	12
AGALR	17
AGALS	10
AGALT	10
AGALV	12
AGAPA	12
AGAPL	14
AGAQA	17
AGARA	10
AGARL	26
AGART	10
AGARV	16
AGASA	14
AGASG	15
AGASL	17
AGASP	10
AGATA	14
AGATL	29
AGAVA	19
AGAVL	10
AGAVR	13
AGDAA	10
AGDDI	10
AGDLG	10
AGDPA	14
AGDSL	10
AGEAA	12
AGEAG	14
AGEAL	17
AGEAP	12
AGEAR	10
AGEAV	10
AGEGG	11
AGEIL	12
AGELA	21
AGELD	10
AGELE	12
AGELG	10
AGELL	18
AGELP	13
AGELQ	11
AGELR	12
AGEQG	12
AGERI	10
AGERL	29
AGERR	12
AGERV	12
AGETL	12
AGEVL	10
AGEVR	16
AGFAA	24
AGFAL	13
AGFDG	11
AGFLG	11
AGFLL	10
AGFVL	11
AGGAA	21
AGGAG	17
AGGAL	25
AGGAY	13
AGGGA	15
AGGGG	13
AGGGL	12
AGGGT	11
AGGIA	15
AGGLA	16
AGGLG	14
AGGLL	22
AGGLS	11
AGGLV	13
AGGNA	10
AGGRL	17
AGGRV	10
AGGSA	14
AGGSG	11
AGGVA	13
AGGVL	15
AGGVV	11
AGIAA	23
AGIAL	18
AGIAV	11
AGIDP	10
AGIGL	10
AGILA	12
AGILG	10
AGILL	11
AGIPA	11
AGIPL	15
AGKRL	11
AGKSS	10
AGKST	26
AGKTT	18
AGLAA	30
AGLAD	21
AGLAE	22
AGLAF	11
AGLAG	33
AGLAL	53
AGLAP	14
AGLAQ	10
AGLAR	13
AGLAS	11
AGLAT	10
AGLAV	21
AGLCL	10
AGLDA	11
AGLDL	12
AGLEA	14
AGLEL	12
AGLEP	11
AGLER	13
AGLEV	11
AGLGA	19
AGLGD	12
AGLGE	16
AGLGG	20
AGLGI	13
AGLGL	33
AGLGV	16
AGLIA	14
AGLIG	11
AGLIV	11
AGLLA	52
AGLLD	20
AGLLG	24
AGLLI	13
AGLLL	38
AGLLP	16
AGLLR	15
AGLLS	11
AGLLT	13
AGLLV	25
AGLPA	24
AGLPD	14
AGLPE	11
AGLPG	18
AGLPL	19
AGLPP	12
AGLPV	24
AGLQA	17
AGLRA	16
AGLRI	16
AGLRL	29
AGLRP	13
AGLRR	13
AGLRV	10
AGLSA	23
AGLSG	14
AGLSL	17
AGLTA	10
AGLTI	12
AGLTP	11
AGLVA	22
AGLVG	12
AGLVL	22
AGLVV	15
AGMLL	11
AGNDI	10
AGNLA	11
AGNLL	14
AGPAA	12
AGPLL	10
AGQAA	11
AGQAE	13
AGQAL	18
AGQCL	11
AGQGA	10
AGQLA	15
AGQPA	10
AGQPL	12
AGQRL	11
AGRAA	15
AGRAG	11
AGRAL	15
AGRDR	15
AGRDT	12
AGRGR	11
AGRGV	12
AGRIA	12
AGRIE	10
AGRIV	11
AGRKG	11
AGRLA	24
AGRLD	14
AGRLE	17
AGRLF	10
AGRLG	23
AGRLL	24
AGRLP	19
AGRLR	23
AGRLS	13
AGRLV	14
AGRPA	13
AGRPL	16
AGRRA	11
AGRRE	10
AGRRL	19
AGRSA	11
AGRSL	12
AGRVL	16
AGSAA	13
AGSAG	12
AGSAL	15
AGSAS	12
AGSGA	12
AGSGL	11
AGSGV	12
AGSLA	14
AGSLL	24
AGSLV	13
AGSSA	11
AGSVA	10
AGSVS	13
AGTAG	10
AGTAL	13
AGTLA	23
AGTLG	16
AGTLL	16
AGTLV	13
AGTPL	11
AGTRT	11
AGVAA	14
AGVAG	12
AGVAL	16
AGVAP	10
AGVAV	11
AGVDG	14
AGVDV	13
AGVEL	10
AGVGA	11
AGVGL	12
AGVGV	11
AGVIA	11
AGVIR	10
AGVLA	20
AGVLD	12
AGVLG	10
AGVLL	13
AGVLS	10
AGVPA	11
AGVPL	17
AGVPV	15
AGVRA	10
AGVRL	14
AGVRQ	16
AGVRR	10
AGVSA	10
AGVTL	10
AGVTV	10
AGVVA	18
AGVVL	12
AGYES	15
AGYLA	13
AGYTA	10
AHAAG	11
AHELA	11
AHKVA	15
AHLGG	10
AHRLR	17
AIAAA	27
AIAAE	12
AIAAG	16
AIAAL	19
AIAAS	17
AIAAV	14
AIAEA	18
AIAEG	12
AIAEL	10
AIAER	15
AIAGG	16
AIAGL	11
AIALA	21
AIALF	10
AIALG	26
AIALL	21
AIAQF	15
AIARA	27
AIARG	12
AIARL	13
AIARR	19
AIASA	11
AIATA	10
AIAVA	11
AIAVG	13
AIDAA	13
AIDAG	10
AIEAA	11
AIEAG	14
AIEAL	12
AIEGA	17
AIEGL	12
AIERA	13
AIERG	11
AIERL	12
AIERV	11
AIGAA	11
AIGAG	12
AIGAL	17
AIGGG	10
AIGLA	13
AIGLG	18
AIGLL	12
AIGLV	13
AIHAA	10
AILAA	15
AILAD	10
AILAG	18
AILAL	12
AILAR	15
AILAS	13
AILAV	13
AILDG	11
AILGA	17
AILGL	15
AILGS	10
AILKA	14
AILLA	13
AILLG	11
AIPAA	10
AIQAA	15
AIRAA	13
AIRAG	14
AIRAL	14
AIREQ	11
AIRER	13
AIRLA	15
AIRLD	11
AIRLL	10
AISLA	10
AIVAA	12
AIVAL	10
AIVGA	16
AIVGG	13
AKAAA	12
AKAAG	17
AKAEA	11
AKALL	13
AKALR	20
AKAVA	10
AKINW	10
AKLAA	11
AKLAG	11
AKLLR	15
AKVLA	12
ALAAA	85
ALAAD	18
ALAAE	38
ALAAF	11
ALAAG	51
ALAAH	11
ALAAI	26
ALAAK	10
ALAAL	89
ALAAM	13
ALAAP	20
ALAAQ	13
ALAAR	46
ALAAS	22
ALAAT	14
ALAAV	33
ALADA	31
ALADD	11
ALADE	11
ALADG	19
ALADL	25
ALADR	21
ALADS	12
ALADT	10
ALADW	10
ALAEA	48
ALAED	11
ALAEE	14
ALAEG	20
ALAEH	14
ALAEI	12
ALAEL	34
ALAEQ	28
ALAER	58
ALAET	11
ALAEV	16
ALAFA	11
ALAFL	10
ALAGA	36
ALAGC	13
ALAGD	12
ALAGE	21
ALAGF	16
ALAGG	23
ALAGH	12
ALAGI	12
ALAGL	66
ALAGQ	12
ALAGR	30
ALAGS	12
ALAGT	15
ALAGV	22
ALAIA	30
ALAIE	10
ALAIG	20
ALAIL	17
ALAIS	10
ALAKA	10
ALAKG	11
ALALA	69
ALALD	15
ALALE	11
ALALF	14
ALALG	30
ALALH	11
ALALI	17
ALALL	57
ALALP	14
ALALQ	18
ALALR	22
ALALS	23
ALALT	11
ALALV	31
ALANA	15
ALANK	13
ALAPA	19
ALAPE	11
ALAPG	11
ALAPI	10
ALAPL	32
ALAPS	12
ALAQA	12
ALAQG	16
ALAQL	15
ALARA	43
ALARD	11
ALARE	26
ALARG	19
ALARH	10
ALARI	15
ALARL	46
ALARP	11
ALARQ	19
ALARR	31
ALARS	11
ALARV	14
ALASA	27
ALASG	21
ALASL	29
ALASR	12
ALATA	20
ALATL	27
ALATR	10
ALATV	10
ALAVA	28
ALAVD	10
ALAVE	11
ALAVG	18
ALAVL	28
ALAVP	16
ALAVS	14
ALAVV	11
ALAWL	11
ALDAA	31
ALDAD	13
ALDAE	12
ALDAG	21
ALDAL	27
ALDDA	10
ALDDL	11
ALDEA	13
ALDEL	10
ALDER	11
ALDGD	13
ALDGL	14
ALDGN	14
ALDGR	10
ALDLA	13
ALDLL	26
ALDLP	11
ALDLV	10
ALDPA	11
ALDQA	10
ALDRA	14
ALDRL	19
ALDSL	10
ALEAA	26
ALEAE	20
ALEAG	21
ALEAK	10
ALEAL	31
ALEAQ	11
ALEAR	24
ALEAS	10
ALEAV	13
ALEDL	10
ALEEA	18
ALEEE	10
ALEEL	14
ALEGA	13
ALEGV	12
ALEKA	13
ALELA	24
ALELG	11
ALELL	25
ALELR	18
ALEPG	12
ALEQA	20
ALEQL	11
ALERA	27
ALERE	10
ALERG	13
ALERL	34
ALERR	22
ALESL	13
ALETL	13
ALEVL	11
ALFAA	20
ALFAE	12
ALFAL	11
ALFEA	11
ALFER	12
ALFGA	17
ALFGG	25
ALFGL	15
ALFLG	10
ALFLL	14
ALFRG	11
ALGAA	24
ALGAD	24
ALGAE	14
ALGAF	11
ALGAG	17
ALGAI	13
ALGAL	32
ALGAP	13
ALGAR	14
ALGAS	16
ALGAV	11
ALGDG	16
ALGEA	13
ALGEG	11
ALGEL	19
ALGER	26
ALGFA	12
ALGFG	13
ALGFS	12
ALGFT	23
ALGGA	24
ALGGE	12
ALGGG	24
ALGGL	23
ALGGR	10
ALGGT	11
ALGHP	10
ALGIA	12
ALGIG	10
ALGIP	12
ALGIV	10
ALGLA	40
ALGLD	18
ALGLE	12
ALGLG	33
ALGLL	28
ALGLP	28
ALGLR	10
ALGLS	29
ALGNA	10
ALGQA	12
ALGRA	11
ALGRD	10
ALGRL	15
ALGRR	12
ALGSG	10
ALGSL	15
ALGTI	12
ALGTL	12
ALGVA	11
ALGVE	11
ALGVL	20
ALGVP	14
ALGVV	10
ALGYA	10
ALGYR	14
ALHAA	10
ALHAL	10
ALIAA	17
ALIAD	10
ALIAE	19
ALIAG	18
ALIAL	21
ALIAR	17
ALIDA	17
ALIDE	10
ALIEA	22
ALIEQ	10
ALIER	13
ALIGA	24
ALIGD	12
ALIGG	10
ALIGL	13
ALILA	17
ALILG	10
ALILL	27
ALIPL	11
ALIRA	11
ALIRR	16
ALIVL	11
ALKAG	11
ALKAL	11
ALKDA	10
ALKGL	10
ALKKT	10
ALKPG	12
ALKRR	10
ALLAA	71
ALLAD	24
ALLAE	47
ALLAF	16
ALLAG	76
ALLAH	13
ALLAI	11
ALLAK	10
ALLAL	77
ALLAM	10
ALLAN	10
ALLAP	17
ALLAQ	17
ALLAR	47
ALLAS	33
ALLAT	23
ALLAV	33
ALLDA	27
ALLDD	17
ALLDE	15
ALLDG	14
ALLDL	13
ALLDR	19
ALLDS	11
ALLEA	41
ALLED	11
ALLEE	16
ALLEG	24
ALLEH	10
ALLEL	19
ALLEQ	14
ALLER	36
ALLES	12
ALLET	10
ALLFA	11
ALLFL	12
ALLGA	42
ALLGD	11
ALLGE	15
ALLGG	29
ALLGI	18
ALLGL	47
ALLGP	15
ALLGQ	11
ALLGR	17
ALLGS	18
ALLGT	18
ALLGV	15
ALLHE	10
ALLIA	22
ALLID	10
ALLIG	12
ALLIL	12
ALLKA	10
ALLKR	15
ALLLA	71
ALLLE	22
ALLLF	12
ALLLG	48
ALLLI	15
ALLLL	47
ALLLP	22
ALLLS	21
ALLLT	15
ALLLV	35
ALLML	10
ALLPA	17
ALLPE	12
ALLPG	14
ALLPL	24
ALLPV	13
ALLQA	18
ALLQG	10
ALLQL	12
ALLQR	10
ALLQV	10
ALLRA	27
ALLRD	15
ALLRE	26
ALLRG	18
ALLRK	20
ALLRL	24
ALLRQ	15
ALLRR	26
ALLRS	10
ALLRT	12
ALLSA	17
ALLSL	22
ALLTA	15
ALLTL	22
ALLTS	10
ALLVA	27
ALLVE	15
ALLVG	17
ALLVL	18
ALLVP	12
ALLVS	11
ALLYL	14
ALMAA	11
ALNAA	15
ALNAS	12
ALNLL	13
ALPAA	26
ALPAD	14
ALPAE	13
ALPAG	18
ALPAL	24
ALPAP	13
ALPEA	16
ALPEL	13
ALPER	14
ALPGA	15
ALPGG	10
ALPGL	24
ALPGS	12
ALPIL	10
ALPLA	25
ALPLL	23
ALPLP	14
ALPPE	10
ALPPL	10
ALPRP	12
ALPVG	10
ALPVL	12
ALQAA	21
ALQAI	10
ALQAL	24
ALQEA	12
ALQGQ	11
ALQLL	10
ALQPL	10
ALQQA	23
ALQRA	10
ALQRL	16
ALRAA	36
ALRAE	14
ALRAG	24
ALRAL	28
ALRAQ	10
ALRAR	14
ALRAT	10
ALRDA	12
ALRDG	10
ALRDL	10
ALRDR	18
ALREA	33
ALREG	17
ALREL	21
ALRER	30
ALREV	11
ALRFA	12
ALRGA	15
ALRGE	13
ALRGL	13
ALRIA	13
ALRIG	10
ALRKL	10
ALRLA	29
ALRLG	18
ALRLL	23
ALRLP	14
ALRLR	16
ALRLS	13
ALRMA	11
ALRMV	10
ALRQA	19
ALRQL	16
ALRQR	16
ALRQS	14
ALRRA	30
ALRRE	14
ALRRG	10
ALRRL	29
ALRRP	10
ALRRQ	12
ALRRR	20
ALRRS	10
ALRTL	17
ALRVA	12
ALRVL	11
ALRVQ	10
ALRVR	10
ALSAA	24
ALSAG	17
ALSAL	25
ALSAS	11
ALSAV	12
ALSCG	11
ALSER	10
ALSGA	12
ALSGE	11
ALSGG	14
ALSGL	21
ALSLA	20
ALSLD	12
ALSLG	16
ALSLL	19
ALSLV	12
ALSRL	13
ALTAA	13
ALTAE	16
ALTAG	13
ALTAL	12
ALTAS	10
ALTGA	13
ALTGL	17
ALTLA	23
ALTLL	22
ALTLV	12
ALTPL	10
ALTRL	11
ALVAA	35
ALVAG	26
ALVAL	33
ALVAQ	11
ALVAR	14
ALVAS	10
ALVAT	11
ALVAV	16
ALVDD	11
ALVEA	22
ALVEL	11
ALVER	17
ALVEV	13
ALVFG	15
ALVGA	15
ALVGG	12
ALVGI	11
ALVGL	12
ALVGR	10
ALVIG	12
ALVLA	28
ALVLF	10
ALVLG	23
ALVLL	34
ALVLV	17
ALVNE	11
ALVRA	10
ALVRR	11
ALVSA	16
ALVSL	11
ALVTG	15
ALVVG	11
ALVVI	10
ALWLA	13
ALYLE	10
AMAAL	11
AMAEA	10
AMAGL	10
AMEQV	10
AMLAA	10
AMLAL	10
AMLGG	10
AMLLA	13
AMNGP	10
AMQAL	13
AMVAA	15
ANALA	13
ANALL	11
ANAVL	10
ANLAA	10
ANLLA	10
ANRLA	16
ANRLV	10
APAAA	39
APAAG	13
APAAP	27
APAAR	13
APAAT	10
APAEA	13
APAER	11
APAEV	14
APAGA	19
APAGE	10
APAGR	11
APAGS	13
APAIA	11
APALA	23
APALL	13
APAPA	31
APAPV	11
APAQA	12
APARL	10
APASA	12
APASE	12
APATS	12
APDGR	13
APEDA	10
APEGH	11
APELA	10
APGAL	13
APGAR	12
APLAA	28
APLAE	13
APLAG	16
APLAL	11
APLGE	11
APLGL	11
APLIA	10
APLLA	25
APLLD	10
APLLE	13
APLLG	11
APLLL	18
APLLR	13
APLLV	13
APLPE	12
APLRE	14
APLVA	10
APLVG	11
APLVL	19
APPAE	11
APPAP	17
APPAS	10
APPPA	14
APRLA	13
APRLL	15
APRLR	11
APSLA	13
APTWS	10
APVAA	12
APVLL	12
AQAAA	19
AQAAD	10
AQAAE	18
AQAAG	29
AQAAL	25
AQAAR	19
AQADA	10
AQAEA	16
AQAEL	11
AQAER	10
AQAIG	10
AQALA	28
AQALD	10
AQALG	17
AQALL	14
AQALR	11
AQARA	11
AQAVA	13
AQAVE	12
AQDCR	15
AQEAE	11
AQEAF	10
AQFSA	18
AQGFI	10
AQGGT	11
AQGLA	10
AQGLL	11
AQGRL	11
AQIAQ	10
AQIAR	10
AQLAA	15
AQLAE	15
AQLAG	10
AQLAL	11
AQLER	12
AQLLA	12
AQLQA	11
AQLRA	12
AQLRE	10
AQMLG	11
AQRAA	26
AQRLA	23
AQRLG	11
AQRLR	10
AQRQA	10
AQVAA	10
AQVRA	10
AQVVA	14
ARAAA	29
ARAAD	11
ARAAE	18
ARAAF	10
ARAAG	48
ARAAI	13
ARAAL	32
ARAAR	23
ARAEA	18
ARAEE	10
ARAEL	12
ARAER	13
ARAGA	14
ARAGD	13
ARAGE	17
ARAGG	10
ARAGL	15
ARAIA	14
ARALA	45
ARALD	14
ARALE	23
ARALG	37
ARALH	11
ARALI	14
ARALL	28
ARALP	18
ARALR	16
ARALV	20
ARAQA	14
ARAQE	10
ARAQL	14
ARARA	20
ARARE	14
ARARG	12
ARARL	24
ARARR	14
ARASG	13
ARAVA	16
ARAVL	14
ARAWL	11
ARAYG	10
ARDAG	13
ARDAL	11
ARDLA	13
ARDLL	10
AREAA	12
AREAG	24
AREAL	22
AREDS	10
AREHG	14
AREIL	10
ARELA	19
ARELD	12
ARELE	14
ARELG	33
ARELL	14
ARELR	14
ARELS	12
AREQG	10
ARERA	11
ARERG	11
ARERL	18
ARERS	10
ARERV	10
ARETA	10
AREVL	12
ARFAA	16
ARFEA	10
ARFVA	10
ARGAA	10
ARGAL	11
ARGAR	10
ARGDL	13
ARGEA	10
ARGEL	14
ARGEP	11
ARGER	10
ARGGL	11
ARGLA	18
ARGLD	13
ARGLL	13
ARGLP	12
ARGLR	10
ARGQL	10
ARGRP	10
ARGVR	10
ARHGL	10
ARHLG	10
ARIAA	14
ARIAD	13
ARIAE	19
ARIAL	10
ARIAR	12
ARIDA	11
ARIDR	10
ARIEA	10
ARIGR	12
ARILA	14
ARIRA	10
ARIRE	15
ARIVA	14
ARKID	13
ARKLA	10
ARLAA	54
ARLAD	21
ARLAE	36
ARLAG	45
ARLAL	17
ARLAP	16
ARLAQ	13
ARLAR	34
ARLAV	16
ARLDA	20
ARLDE	11
ARLDG	17
ARLDL	15
ARLEA	21
ARLEE	11
ARLEL	15
ARLEQ	10
ARLER	19
ARLES	12
ARLFA	14
ARLGA	19
ARLGE	20
ARLGG	14
ARLGI	12
ARLGL	19
ARLGT	10
ARLGV	18
ARLIA	22
ARLIE	10
ARLKA	11
ARLLA	39
ARLLD	19
ARLLE	28
ARLLG	42
ARLLL	33
ARLLP	12
ARLLQ	17
ARLLR	13
ARLLS	12
ARLLV	10
ARLPA	19
ARLPD	10
ARLPG	13
ARLPL	11
ARLPV	10
ARLQA	17
ARLQE	17
ARLQG	11
ARLQQ	12
ARLRA	24
ARLRD	24
ARLRE	30
ARLRG	20
ARLRL	15
ARLRP	15
ARLRQ	18
ARLRR	14
ARLRS	11
ARLRV	10
ARLSA	14
ARLSE	10
ARLSG	10
ARLSR	13
ARLTL	12
ARLVA	19
ARLVD	10
ARLVL	11
ARLVR	10
ARNLL	11
ARPAA	16
ARPAD	10
ARPDL	10
ARPEL	11
ARPGA	11
ARPLL	13
ARQAA	21
ARQAE	10
ARQAL	21
ARQAR	25
ARQAS	10
ARQFA	14
ARQGA	11
ARQGL	10
ARQGV	10
ARQLA	25
ARQLE	12
ARQLG	13
ARQLL	20
ARQLR	15
ARQRA	10
ARQRL	12
ARQVA	13
ARRAA	23
ARRAD	10
ARRAE	10
ARRAG	19
ARRAL	14
ARRAR	12
ARRAV	11
ARREA	12
ARREG	16
ARRFA	14
ARRFG	11
ARRFR	10
ARRGA	12
ARRGV	14
ARRIA	12
ARRLA	32
ARRLD	18
ARRLE	22
ARRLG	43
ARRLI	10
ARRLL	27
ARRLQ	13
ARRLR	17
ARRLS	10
ARRLV	13
ARRPE	15
ARRQA	11
ARRQG	16
ARRRA	16
ARRRG	10
ARRRL	13
ARRSA	17
ARRVA	16
ARRVL	11
ARSLA	13
ARSLG	15
ARSLL	14
ARSLR	11
ARTAL	13
ARTLA	20
ARTLE	13
ARTLG	13
ARTPE	12
ARTRL	12
ARTVP	17
ARVAA	13
ARVAL	10
ARVAR	11
ARVAV	10
ARVEA	18
ARVEG	10
ARVKL	12
ARVLA	14
ARVLG	19
ARVLL	11
ARVRA	18
ARVRE	11
ARVRR	10
ARVTL	11
ARVVE	16
ARWTL	11
ARYRA	13
ASAAA	14
ASAAG	14
ASAAL	18
ASAAR	15
ASAAS	13
ASAEA	14
ASAGE	12
ASAGG	10
ASAGL	10
ASALA	29
ASALE	10
ASALL	29
ASAPA	12
ASARA	13
ASARL	10
ASASL	14
ASAVA	10
ASEAA	17
ASEAG	10
ASEAL	11
ASGAA	13
ASGAR	10
ASGAV	10
ASGEF	12
ASGKV	12
ASGLA	14
ASGLL	13
ASGLP	17
ASGLS	11
ASGLT	16
ASGRA	21
ASGRL	10
ASGRV	11
ASIAA	12
ASLAA	32
ASLAE	24
ASLAG	26
ASLAL	23
ASLAM	10
ASLAQ	17
ASLAR	14
ASLAS	11
ASLAV	19
ASLAY	13
ASLDA	11
ASLEA	18
ASLEL	10
ASLGA	19
ASLGE	10
ASLGG	10
ASLGI	11
ASLGL	12
ASLLA	28
ASLLD	12
ASLLF	10
ASLLG	10
ASLLL	19
ASLLP	13
ASLLR	11
ASLLV	12
ASLPA	13
ASLPL	12
ASLRA	11
ASLRE	10
ASLRL	11
ASLRR	11
ASLSA	13
ASLSL	14
ASLTL	11
ASLVL	10
ASLYE	12
ASMLL	10
ASPAA	15
ASPAL	13
ASPRA	12
ASQAA	10
ASQPA	17
ASQVI	13
ASRAA	11
ASRAL	10
ASRLG	14
ASRLV	11
ASRQP	11
ASRVL	10
ASSLL	11
ASTAA	10
ASVAL	13
ASVEA	14
ASVLG	11
ATAAA	21
ATAER	11
ATAGA	12
ATAGL	11
ATAIV	10
ATALA	16
ATALG	13
ATALL	24
ATALV	12
ATARA	17
ATARL	12
ATASG	10
ATELA	11
ATGLA	12
ATGLV	11
ATGRL	11
ATGVA	11
ATGVG	12
ATLAA	17
ATLAE	16
ATLAG	18
ATLAL	16
ATLAR	13
ATLAS	11
ATLEA	10
ATLEG	15
ATLER	16
ATLGA	14
ATLGE	12
ATLGL	15
ATLLA	20
ATLLD	15
ATLLG	13
ATLLL	27
ATLLP	10
ATLLR	11
ATLRE	12
ATLRY	18
ATLSA	18
ATLSL	11
ATLVA	12
ATLVV	10
ATPAA	11
ATPAP	11
ATPLA	10
ATRAA	11
ATREL	15
ATRLA	15
ATRLV	11
ATRRL	13
ATSAL	17
ATVAA	13
ATVAG	13
ATVAL	12
ATVER	10
ATVLA	10
ATVLL	13
ATVVL	10
AVAAA	29
AVAAD	11
AVAAE	14
AVAAG	33
AVAAI	10
AVAAL	33
AVAAR	13
AVAAS	10
AVAAV	24
AVADA	10
AVADD	13
AVADG	10
AVAEA	22
AVAEE	14
AVAEG	12
AVAEL	15
AVAER	10
AVAEV	13
AVAGA	15
AVAGG	10
AVAGL	15
AVAGR	10
AVAGS	10
AVAGT	12
AVALA	25
AVALG	20
AVALL	19
AVALS	16
AVALV	14
AVAPL	13
AVAQA	16
AVARA	15
AVARE	10
AVARG	11
AVARL	12
AVARR	14
AVASA	12
AVASL	17
AVAVA	20
AVAVG	13
AVAVL	14
AVDAG	12
AVDAL	15
AVDLA	10
AVEAA	21
AVEAG	17
AVEAI	13
AVEAL	27
AVEEA	12
AVELA	16
AVELE	14
AVELG	14
AVERA	23
AVERG	16
AVERL	19
AVEVA	10
AVEVR	10
AVGAA	14
AVGAG	11
AVGAL	16
AVGAS	12
AVGDA	11
AVGGA	12
AVGLA	21
AVGLG	13
AVGLL	12
AVGLV	13
AVGVS	10
AVIAL	10
AVIGA	14
AVIGG	10
AVITA	11
AVLAA	44
AVLAD	13
AVLAE	15
AVLAG	31
AVLAI	11
AVLAL	31
AVLAR	27
AVLAS	12
AVLDA	14
AVLDG	13
AVLEA	25
AVLER	14
AVLEV	10
AVLFL	10
AVLGA	19
AVLGE	14
AVLGG	12
AVLGL	14
AVLGR	11
AVLGV	13
AVLKA	10
AVLLA	32
AVLLE	10
AVLLG	21
AVLLL	32
AVLLP	14
AVLLR	11
AVLLS	12
AVLLV	13
AVLPA	10
AVLQA	10
AVLRA	12
AVLRG	11
AVLRH	10
AVLRR	18
AVLRS	12
AVLSL	13
AVLTL	13
AVLVA	13
AVLVG	13
AVPAA	14
AVPAL	13
AVPGH	10
AVPGL	10
AVPLL	15
AVPVD	10
AVQAA	11
AVRAA	11
AVRAG	17
AVRAL	17
AVRDG	11
AVREA	17
AVRIG	13
AVRLA	12
AVRQG	11
AVRRA	12
AVRRG	10
AVRRL	10
AVSAA	16
AVSLA	13
AVTAA	10
AVTAL	10
AVTLA	11
AVTPL	10
AVVAA	18
AVVAG	20
AVVAR	11
AVVDA	10
AVVDG	11
AVVEA	14
AVVGV	12
AVVID	11
AVVLA	10
AVVLG	12
AVVTL	12
AVVVG	10
AWLAA	14
AWLAE	11
AWLAG	13
AWLAR	13
AWLGL	12
AWLLA	15
AWLLL	11
AWQQC	11
AYAAG	12
AYARE	11
AYGNG	12
AYVGQ	14
AYVIY	12
AYVPL	10
CAALP	10
CAGLA	11
CALLA	11
CALLL	11
CDRSQ	11
CGKST	14
CGPAP	13
CLDRR	10
CLLLA	11
CMDET	10
CRHYF	15
CRNQL	10
CVQEG	10
DAAAA	13
DAAAL	17
DAAAR	12
DAADL	13
DAAGE	11
DAAGI	11
DAAGR	12
DAAIA	11
DAALA	32
DAALD	11
DAALE	11
DAALG	11
DAALL	14
DAALR	18
DAALV	10
DAAQA	11
DAARA	18
DAARL	13
DAARQ	11
DAARR	14
DAAVA	19
DAAVE	12
DAEAI	12
DAEGR	30
DAELA	18
DAELL	10
DAELR	10
DAELV	10
DAERL	13
DAGAL	14
DAGEL	10
DAGLR	10
DAGRL	19
DAGTL	11
DAIAA	17
DAKIN	11
DALAA	28
DALAD	15
DALAG	21
DALAL	15
DALAR	12
DALAV	14
DALDA	11
DALEA	14
DALER	16
DALGL	15
DALIA	12
DALLA	32
DALLE	18
DALLG	15
DALLL	11
DALLR	12
DALLV	14
DALRA	21
DALRL	20
DALRR	14
DALSR	10
DALTR	11
DALVA	16
DALVE	10
DALVR	11
DAQAL	11
DAQGR	18
DARAA	10
DARAL	13
DARLA	15
DARLL	15
DARVK	11
DASAL	13
DASGR	10
DASLA	10
DASLL	11
DATAL	10
DAVAA	15
DAVAR	11
DAVLA	22
DAVLR	12
DAYER	10
DCRHY	15
DDAAL	12
DDAEL	10
DDALA	12
DDARL	11
DDFNL	10
DDGRL	10
DDLAA	14
DDLAR	11
DDLLA	10
DDLLE	10
DDLPA	10
DDPAL	12
DDPRL	13
DEAAA	11
DEAAL	13
DEAAR	16
DEAEA	10
DEALA	30
DEALL	11
DEALR	12
DEARR	11
DEELA	12
DEGHP	10
DEIGD	11
DEIGE	10
DELAA	17
DELAG	11
DELAR	17
DELEA	11
DELER	11
DELGR	10
DELGV	11
DELLA	16
DELLE	13
DELLL	10
DELLR	11
DELRA	13
DELRE	12
DELRR	16
DENRL	10
DEPTS	13
DERLA	10
DERLR	13
DETPR	10
DEVLA	13
DEVLL	10
DEVRR	10
DFAAL	17
DFASL	13
DFGAL	14
DFGRV	10
DFGTG	10
DFLER	10
DGAAA	13
DGAAL	13
DGALL	13
DGALR	13
DGAMN	10
DGAPV	10
DGARA	10
DGARL	12
DGDGD	10
DGEAL	14
DGELA	16
DGELE	13
DGELL	10
DGERL	14
DGERR	11
DGFVA	11
DGGAG	44
DGGKG	10
DGGTL	16
DGKIL	20
DGKPA	14
DGKPL	10
DGKVL	10
DGLAA	12
DGLAR	18
DGLDI	10
DGLLA	18
DGLLE	10
DGLLL	11
DGLPV	10
DGLRL	15
DGLSA	16
DGQRL	11
DGRDL	12
DGRIA	11
DGRLA	16
DGRLL	32
DGRLR	13
DGRLV	11
DGRPL	22
DGRRL	15
DGRSL	15
DGRVR	11
DGRVV	12
DGSLD	14
DGSRS	12
DGTDA	10
DGTLA	14
DGTLD	13
DGTLL	15
DGTLT	11
DHDHD	16
DHLLA	11
DIAAL	11
DIARA	10
DIDAA	13
DILDG	14
DILID	14
DIPLL	11
DIVVM	16
DKLDL	12
DLAAA	23
DLAAG	15
DLAAI	11
DLAAL	30
DLAAR	16
DLAEA	10
DLAEG	11
DLAER	12
DLAGA	17
DLAGL	12
DLAGR	16
DLAGS	12
DLALA	14
DLALD	11
DLALL	15
DLALR	12
DLARA	18
DLARL	24
DLARR	19
DLARY	10
DLASG	11
DLAVA	13
DLDAA	11
DLDTL	11
DLEAA	12
DLERA	13
DLERI	11
DLERL	14
DLGAL	11
DLGLA	10
DLGLL	11
DLGVE	10
DLILL	11
DLITD	13
DLKGK	13
DLKGR	11
DLLAA	15
DLLAE	11
DLLAL	14
DLLAR	21
DLLAV	11
DLLDE	13
DLLDG	19
DLLEA	13
DLLEL	11
DLLER	15
DLLGE	14
DLLGR	16
DLLLA	18
DLLLL	18
DLLLQ	12
DLLLV	10
DLLPA	11
DLLRL	11
DLLRQ	13
DLLRR	17
DLLVE	13
DLNPI	13
DLPAL	18
DLPGL	10
DLPVE	10
DLQRL	12
DLRAL	11
DLREL	12
DLRLA	13
DLRLL	13
DLRRA	12
DLSAL	21
DLSGL	16
DLTLA	17
DLTLD	14
DLVAA	11
DLVAG	10
DLVAR	12
DLYYR	13
DNFFE	12
DNLKR	11
DNLLR	11
DNLNT	11
DNLPA	19
DNRAE	10
DPAAA	10
DPAAL	19
DPAAR	10
DPALA	26
DPALE	13
DPALL	10
DPALR	10
DPARA	10
DPARL	14
DPASL	12
DPEAL	13
DPELA	10
DPEYP	10
DPHAD	10
DPLAL	13
DPLLA	11
DPLRL	11
DPQRL	11
DPRLA	15
DPRLI	10
DPRLR	10
DQGPR	12
DRAAL	15
DRAGL	13
DRALA	10
DRALL	11
DRARL	11
DRDGS	10
DREAL	13
DRFEF	12
DRHGF	11
DRIDL	27
DRIGR	10
DRKAL	10
DRLAA	12
DRLAG	10
DRLAL	11
DRLDA	11
DRLDL	10
DRLGL	13
DRLIA	13
DRLLA	23
DRLLE	13
DRLLG	10
DRLLL	19
DRLRR	11
DRLTG	11
DRLVA	13
DRPRP	10
DRRID	14
DRSQD	12
DRVLA	12
DRVLL	11
DSAEA	10
DSALA	10
DSGEL	11
DSIAF	10
DSKAT	11
DSLAA	10
DSLER	13
DSLLA	13
DSLLE	10
DSLRL	10
DSLSS	11
DSVAH	10
DSYRT	16
DTFRF	13
DTGFG	11
DTLAA	11
DTLSG	10
DTLTG	13
DTSTS	10
DVAAA	10
DVAAL	11
DVGTA	11
DVLAA	12
DVLAR	12
DVLGA	10
DVLGL	12
DVLLA	11
DVLLL	10
DVLVG	12
DVLVV	10
DVRAL	10
DVSAL	18
DVVVL	13
DVYSR	11
DYAAL	10
DYDFA	10
DYLAG	12
DYLLG	14
DYMVP	11
EAAAA	20
EAAAE	12
EAAAG	12
EAAAL	24
EAAAQ	12
EAAAR	29
EAAAV	12
EAADG	12
EAAEA	11
EAAEL	11
EAAER	14
EAAGA	10
EAAGL	13
EAAGR	11
EAAGV	10
EAAGY	19
EAAIA	14
EAAIR	15
EAALA	45
EAALE	14
EAALK	13
EAALL	13
EAALR	24
EAALS	10
EAALT	11
EAAPA	12
EAAQA	19
EAAQR	17
EAARA	32
EAARE	13
EAARL	28
EAARQ	23
EAARR	25
EAARS	10
EAASR	15
EAAVA	17
EAAVL	10
EAAVP	11
EAAVR	11
EADAE	15
EADLR	11
EADTL	10
EAEAA	21
EAEAL	17
EAEAR	15
EAEIA	12
EAELA	17
EAELG	10
EAELL	11
EAERL	18
EAERR	11
EAFAA	15
EAFAE	16
EAFAR	13
EAFEA	12
EAFRA	10
EAGAA	11
EAGAQ	11
EAGAR	15
EAGAS	10
EAGEA	15
EAGEI	10
EAGER	16
EAGGL	10
EAGIA	10
EAGLA	16
EAGLL	11
EAGLR	11
EAGRL	15
EAGVE	10
EAGVP	10
EAIAA	18
EAIAQ	16
EAIAR	15
EAIER	13
EAILA	11
EAIRA	12
EAIRE	11
EAIRL	14
EAIRR	11
EAISL	10
EALAA	50
EALAD	14
EALAE	28
EALAG	31
EALAK	10
EALAL	22
EALAP	10
EALAR	40
EALAS	12
EALAT	10
EALDA	12
EALDL	11
EALEA	21
EALEG	11
EALEL	19
EALER	13
EALFD	11
EALGA	16
EALGG	14
EALGL	16
EALGR	15
EALGV	12
EALIA	17
EALIR	13
EALKA	12
EALKR	13
EALLA	44
EALLE	20
EALLL	18
EALLP	10
EALLQ	14
EALLR	34
EALQA	18
EALQP	10
EALQQ	14
EALRA	22
EALRD	21
EALRE	24
EALRG	12
EALRI	11
EALRL	20
EALRM	10
EALRQ	23
EALRR	34
EALRV	10
EALSA	11
EALSR	11
EALVA	22
EALVE	10
EALVG	11
EALVR	13
EAPAA	16
EAPLL	11
EAPPA	12
EAQAA	14
EAQRL	15
EARAA	19
EARAK	10
EARAL	16
EARAR	16
EAREA	14
EARGL	11
EARIA	14
EARLA	14
EARLG	15
EARLI	12
EARLL	10
EARLQ	12
EARLR	15
EARLS	10
EARQR	14
EARRL	15
EARRR	19
EASAA	14
EASLA	12
EATAA	10
EAVAA	14
EAVAE	19
EAVAL	12
EAVAQ	10
EAVEA	13
EAVER	12
EAVLA	19
EAVLR	10
EAVPG	18
EAVRA	16
EAVRQ	19
EAVRR	18
EAYAA	10
EAYAR	13
EDAAR	10
EDLLR	12
EDRID	10
EDSHR	12
EEAAA	10
EEAAR	18
EEAEA	10
EEALA	27
EEALL	10
EEALR	13
EEARA	10
EEARE	11
EEARR	14
EEAVR	11
EEEEE	11
EEFVL	11
EEGRL	13
EEIAA	11
EEIAR	12
EEILA	10
EELAA	25
EELAE	12
EELAG	12
EELAL	10
EELAR	21
EELGI	13
EELGL	14
EELGV	10
EELKR	10
EELLA	14
EELLG	13
EELRL	10
EERAA	11
EERAR	14
EERLA	14
EERLL	16
EERLR	10
EERRR	10
EESLA	10
EEVAR	11
EFGLV	16
EFVAA	11
EFVLL	11
EFVYT	10
EGAGA	20
EGALA	12
EGARL	13
EGDRV	10
EGGEL	13
EGHAR	15
EGHPV	12
EGIER	11
EGLAA	13
EGLAE	11
EGLAG	10
EGLAL	14
EGLAR	15
EGLES	13
EGLLA	12
EGLLP	14
EGLRA	11
EGLRV	10
EGPVG	13
EGQAL	11
EGRLA	10
EGRLL	12
EGRLV	10
EGRRF	14
EGSLA	10
EHYRI	11
EIAAA	14
EIAAG	10
EIAAL	12
EIALD	17
EIARR	15
EIEAR	13
EIEIN	11
EIGRL	10
EILAG	10
EILAL	10
EINVL	12
EKLAA	14
EKLGL	10
ELAAA	25
ELAAD	10
ELAAE	25
ELAAG	15
ELAAL	31
ELAAQ	13
ELAAR	35
ELAAT	14
ELADA	15
ELADL	16
ELAEA	13
ELAEG	14
ELAEL	25
ELAER	23
ELAEV	10
ELAGD	10
ELAGE	10
ELAGG	13
ELAGL	19
ELAGR	23
ELALA	23
ELALD	13
ELALL	12
ELALQ	11
ELALR	11
ELAPG	13
ELAPL	12
ELAPR	12
ELAQR	13
ELARA	23
ELARE	17
ELARG	10
ELARL	38
ELARQ	25
ELARR	31
ELARS	15
ELARV	12
ELASA	12
ELASL	11
ELATR	10
ELAVA	10
ELAVG	14
ELAVL	10
ELCRR	11
ELDAA	11
ELDAE	11
ELDAL	15
ELDAR	12
ELDDL	10
ELDER	12
ELDGE	10
ELDGR	12
ELDLA	10
ELDRR	13
ELDVL	10
ELEAA	12
ELEAL	16
ELEAR	28
ELEQR	13
ELERA	13
ELERL	20
ELERR	13
ELERV	11
ELEYV	10
ELFAR	11
ELFGH	16
ELFGR	14
ELGAA	10
ELGAE	11
ELGAL	12
ELGEI	14
ELGER	17
ELGGA	11
ELGIP	11
ELGLA	12
ELGLD	16
ELGLL	12
ELGLP	11
ELGLR	14
ELGRD	10
ELGRL	14
ELGRR	11
ELGVG	11
ELIAA	13
ELIAR	11
ELIGA	11
ELILA	11
ELIRR	11
ELKAL	12
ELLAA	31
ELLAD	15
ELLAE	25
ELLAG	18
ELLAL	20
ELLAQ	12
ELLAR	32
ELLAS	15
ELLDA	16
ELLDE	19
ELLDL	11
ELLDR	20
ELLEA	11
ELLED	11
ELLEE	11
ELLEL	12
ELLEQ	12
ELLER	26
ELLES	10
ELLGA	15
ELLGD	14
ELLGE	15
ELLGG	13
ELLGL	12
ELLGP	10
ELLGR	15
ELLKR	12
ELLLA	14
ELLLD	10
ELLLE	16
ELLLG	14
ELLLL	11
ELLLV	11
ELLPA	12
ELLPL	13
ELLQA	10
ELLQR	16
ELLRA	10
ELLRE	10
ELLRG	11
ELLRL	13
ELLRQ	16
ELLRR	17
ELNAR	10
ELPAA	10
ELPAD	12
ELPAG	13
ELPAL	14
ELPEG	10
ELPLL	11
ELPLR	10
ELPPG	10
ELPPL	12
ELQAL	10
ELQRL	15
ELQRR	10
ELRAA	20
ELRAG	10
ELRAL	12
ELRAR	11
ELREA	12
ELREL	12
ELRER	16
ELRQA	16
ELRQL	10
ELRRA	10
ELRRL	17
ELRRQ	11
ELRRR	15
ELRTP	11
ELRVA	10
ELSAA	14
ELSGG	14
ELSLA	15
ELSLE	13
ELTAR	10
ELTGL	11
ELTPG	14
ELTSK	10
ELVAA	15
ELVAE	11
ELVAR	30
ELVER	12
ELVGL	13
ELVRL	13
EMAFS	16
EPAAA	11
EPALA	12
EPARR	11
EPLAL	12
EPLEA	12
EPLLA	13
EPLPA	16
EPLTL	10
EPRLL	11
EQAAA	12
EQAAR	13
EQAEA	11
EQAER	17
EQAGA	11
EQAGL	11
EQAKA	14
EQALA	19
EQALE	10
EQALR	12
EQARA	15
EQARL	11
EQARR	13
EQAVA	12
EQGLS	12
EQGRG	11
EQGRL	12
EQLAA	17
EQLAE	12
EQLAR	16
EQLDA	11
EQLGL	10
EQLGP	12
EQLGR	10
EQLKA	10
EQLLA	15
EQLLG	10
EQLLR	13
EQLQR	13
EQLRA	14
EQLVE	10
EQRLA	12
EQTPD	10
EQVAR	15
EQVLD	14
ERAAA	15
ERAAD	11
ERAAE	22
ERAAG	13
ERAAR	18
ERAAV	11
ERAEA	16
ERAGI	11
ERAGL	12
ERAGV	10
ERALA	26
ERALL	12
ERALR	15
ERARA	16
ERARL	22
ERARQ	12
ERARR	22
ERARV	14
ERAVA	10
ERAVE	14
ERAVL	16
EREAR	11
EREGL	10
ERERG	13
ERERL	20
ERFAA	10
ERFAR	11
ERFDV	15
ERFGG	10
ERFGT	10
ERFRA	14
ERFVP	10
ERGIA	14
ERGLL	15
ERGLS	11
ERGRL	12
ERGVR	16
ERIAA	16
ERIAD	10
ERIAE	10
ERIAG	14
ERIAR	14
ERIEV	12
ERIGL	10
ERIGV	11
ERILA	14
ERIRA	12
ERIRQ	12
ERLAA	46
ERLAD	11
ERLAE	26
ERLAG	29
ERLAL	25
ERLAP	11
ERLAQ	17
ERLAR	33
ERLAS	17
ERLAV	12
ERLDA	22
ERLDE	11
ERLDG	12
ERLEA	12
ERLEL	14
ERLEQ	11
ERLER	24
ERLFL	10
ERLFR	12
ERLGA	31
ERLGE	11
ERLGG	13
ERLGI	12
ERLGL	24
ERLGR	15
ERLGV	18
ERLHL	11
ERLIA	13
ERLKA	13
ERLLA	35
ERLLD	11
ERLLE	28
ERLLG	25
ERLLL	14
ERLLP	20
ERLLQ	10
ERLLR	18
ERLML	10
ERLPA	18
ERLPL	13
ERLQA	18
ERLQG	10
ERLQR	14
ERLRA	25
ERLRD	12
ERLRE	19
ERLRG	17
ERLRL	16
ERLRP	16
ERLRQ	21
ERLRR	34
ERLSA	14
ERLVA	18
ERLVE	14
ERLVL	10
ERLVR	13
ERLYR	12
ERMRK	10
ERQLA	12
ERRAA	14
ERRAL	12
ERRAR	16
ERRER	16
ERRLA	18
ERRLD	10
ERRLG	17
ERRLR	12
ERRQR	10
ERRRA	10
ERRRL	13
ERRSL	16
ERSWQ	10
ERVAA	18
ERVEI	10
ERVER	13
ERVGL	15
ERVLA	11
ERVLE	16
ERVLG	10
ERVLL	10
ERVRA	14
ERVVG	11
ERVVL	10
ERYGL	10
ESAAR	11
ESALA	10
ESELF	16
ESGTG	10
ESLAA	16
ESLRA	15
ESLRT	11
ESNGK	11
ESVLV	15
ETAAL	10
ETALR	11
ETFMP	10
ETGEV	10
ETLAA	15
ETLAR	13
ETLDA	10
ETLEA	11
ETLER	10
ETLLA	10
ETLLE	15
ETLLG	14
ETPRQ	11
ETRLL	10
ETVEA	11
ETVRR	13
EVAAA	14
EVAAE	10
EVAAL	13
EVAAW	11
EVAEA	10
EVALA	11
EVARE	12
EVARL	23
EVARQ	10
EVARR	20
EVDGR	10
EVERL	17
EVLAA	20
EVLAD	11
EVLAG	14
EVLAL	10
EVLAR	12
EVLDL	11
EVLEL	11
EVLER	11
EVLGR	10
EVLLA	13
EVLLE	10
EVLNG	12
EVLQA	10
EVRAR	14
EVREA	11
EVRLI	10
EVRNL	13
EVRRL	10
EWAQG	10
EWSPA	11
EYARK	10
EYRVS	11
EYVDS	10
FAAAA	15
FAAAG	14
FAADG	11
FAAGA	14
FAAGG	10
FAAGR	11
FAALA	19
FAALD	10
FAALG	25
FAALL	18
FAALP	10
FAALR	10
FAAQA	13
FAARL	10
FAAWL	10
FAEAL	12
FAELL	11
FAGLG	11
FAGLL	12
FAGLR	10
FALAA	17
FALAL	11
FALFG	11
FALGL	10
FALLA	17
FALLG	14
FALSL	12
FAQAA	11
FARAL	10
FARLG	20
FARLL	11
FARLR	14
FARRL	14
FASLA	16
FATLA	10
FAVLL	11
FAVVA	10
FDAAL	14
FDPHE	10
FDRLL	11
FEAAG	20
FEAAL	12
FEFVY	10
FEIAL	21
FELFG	11
FELGG	13
FENNV	10
FERAA	10
FERLL	10
FFELG	12
FGAAL	10
FGAAV	10
FGALA	17
FGALG	19
FGALL	17
FGGLL	12
FGLAA	10
FGLAG	10
FGLAL	16
FGLDV	16
FGLGL	10
FGLLA	10
FGLLG	10
FGLLL	11
FGLSE	10
FGRLA	13
FGVLL	12
FIAVA	10
FIEDS	10
FLAAG	10
FLAER	12
FLAGL	11
FLALA	13
FLAPL	10
FLARL	13
FLATL	14
FLAYV	14
FLDEI	20
FLGLA	11
FLLAG	14
FLLAL	20
FLLLG	12
FLLVL	10
FLRRL	12
FMPEQ	10
FREDL	17
FREGG	12
FRERL	10
FRIEL	10
FSAQD	15
FSGLG	14
FSKLK	16
FSLLL	10
FSLRE	10
FSRKD	10
FTAAA	11
FTEGP	10
FTGLG	23
FTTQD	10
FVAAM	13
FVAGL	13
FVALA	11
FVALL	12
FVATL	10
FVGLA	10
FVLLA	15
FVYTP	10
GAAAA	23
GAAAE	10
GAAAG	12
GAAAL	18
GAAAP	11
GAAAR	12
GAAAS	10
GAAEA	13
GAAER	12
GAAGA	19
GAAGF	13
GAAGG	13
GAAGL	19
GAAIL	10
GAALA	48
GAALD	10
GAALE	13
GAALG	19
GAALI	11
GAALL	33
GAALP	19
GAALR	24
GAALS	16
GAALV	11
GAAPA	14
GAAPG	13
GAAPL	10
GAARA	19
GAARR	10
GAARV	10
GAASA	13
GAASL	14
GAATL	10
GAAVA	22
GAAVG	14
GAAVL	11
GAAVP	14
GAAVV	10
GADAA	10
GADDY	13
GADGR	14
GADIV	10
GADLF	15
GADLL	10
GADLR	10
GADPA	10
GADTF	19
GADVF	13
GADVV	14
GAEAA	12
GAEAL	11
GAELA	13
GAELL	10
GAELV	10
GAERL	13
GAFTG	21
GAGAA	16
GAGAD	21
GAGAG	17
GAGAL	16
GAGAT	21
GAGAV	11
GAGDD	18
GAGEL	10
GAGGA	19
GAGGD	11
GAGGG	18
GAGGL	12
GAGGS	10
GAGIA	15
GAGKS	27
GAGKT	20
GAGLA	21
GAGLG	26
GAGLL	20
GAGLR	11
GAGLV	18
GAGMG	12
GAGNA	11
GAGND	13
GAGPA	11
GAGRD	39
GAGRG	10
GAGRL	12
GAGSP	12
GAGVG	16
GAIAL	17
GAIGL	10
GAILA	13
GAILL	12
GALAA	30
GALAD	17
GALAE	14
GALAG	20
GALAI	12
GALAL	25
GALAR	15
GALAV	15
GALDA	19
GALDI	10
GALEA	10
GALEL	11
GALFG	14
GALGA	15
GALGD	18
GALGG	15
GALGL	11
GALGR	10
GALIA	13
GALIG	17
GALIL	10
GALLA	61
GALLE	15
GALLF	11
GALLG	38
GALLI	11
GALLL	39
GALLR	20
GALLV	21
GALPA	13
GALPL	11
GALRE	11
GALRL	11
GALRR	20
GALSA	10
GALSL	10
GALTG	10
GALTL	14
GALVA	16
GALVE	10
GALVG	21
GALVL	12
GAMNG	10
GAPAR	11
GAPLA	11
GAPLE	11
GAPLV	10
GAPRL	12
GAPVA	10
GAQAA	10
GAQLA	10
GARAA	11
GARAL	14
GARAV	14
GARIA	10
GARIV	10
GARLA	28
GARLL	31
GARLR	13
GARLV	15
GARPV	10
GARRL	13
GARRV	11
GARVA	10
GARVL	19
GARVV	10
GASAA	14
GASAL	10
GASDL	10
GASER	11
GASGL	14
GASLA	16
GASLG	10
GASLL	15
GASLS	11
GASLV	10
GASPA	15
GASTG	11
GATGV	11
GATLA	10
GATLL	12
GATLR	22
GAVAA	16
GAVAG	10
GAVAL	11
GAVIG	11
GAVLA	18
GAVLG	19
GAVLL	19
GAVLR	15
GAVVE	11
GAVVG	10
GAVVL	10
GAVVV	10
GAYVP	11
GCGKS	19
GDAAA	11
GDAAL	11
GDAEL	10
GDALA	10
GDALR	10
GDARQ	11
GDATR	10
GDDIL	12
GDDLA	10
GDDLL	11
GDDRL	12
GDERL	12
GDGLR	10
GDILL	11
GDIVV	20
GDLAA	16
GDLAG	11
GDLAR	22
GDLLA	10
GDLLL	10
GDLVL	15
GDPAA	14
GDPLA	11
GDPLL	14
GDRLD	10
GDRVL	15
GDRVR	10
GEAAA	13
GEAAR	10
GEAIA	17
GEALA	30
GEALE	11
GEALF	10
GEALL	13
GEALR	17
GEAPA	13
GEAQR	10
GEEFA	11
GEELL	10
GEETS	10
GEFVA	14
GEGAD	16
GEIEA	15
GEILG	10
GEILR	10
GEILV	10
GELAA	23
GELAE	21
GELAG	15
GELAL	10
GELAP	11
GELAR	27
GELDL	11
GELEA	20
GELER	11
GELIG	14
GELLA	30
GELLD	18
GELLE	12
GELLG	16
GELLL	13
GELLR	18
GELPA	15
GELPL	14
GELPP	13
GELRL	19
GELRR	11
GELRV	11
GELVA	19
GELVE	12
GEPLL	10
GERFG	11
GERLA	27
GERLF	10
GERLG	16
GERLL	19
GERLP	13
GERLR	22
GERQR	15
GERRA	10
GERRR	11
GERVL	11
GERVV	10
GESGS	10
GESRL	10
GETAS	12
GETGA	11
GETLA	12
GETLL	11
GETRT	10
GETVI	10
GEVLA	18
GEVLG	16
GEVRL	11
GEYRV	10
GFAAA	11
GFAAG	11
GFAAL	14
GFAGA	10
GFALA	13
GFALL	10
GFALS	11
GFAVV	12
GFDAA	10
GFDPH	11
GFGAA	12
GFGLD	20
GFGLG	13
GFGLL	12
GFIGL	11
GFLGG	10
GFRIE	11
GFSGL	17
GFTEG	12
GFTGL	24
GFVAD	12
GGAAA	10
GGAAG	11
GGAAL	19
GGAAT	10
GGAGA	25
GGAGD	20
GGAGF	10
GGAGG	18
GGAGL	26
GGAGN	14
GGAGR	45
GGAGS	10
GGAIA	16
GGALA	17
GGALG	25
GGALL	25
GGALS	14
GGALV	10
GGARL	11
GGASL	15
GGATG	10
GGAVL	15
GGAYV	11
GGDGR	10
GGEAL	18
GGEAR	10
GGEGA	15
GGELR	13
GGELV	14
GGEPL	16
GGERQ	11
GGEVR	11
GGFGA	11
GGGAD	10
GGGAG	13
GGGAL	15
GGGGA	19
GGGGG	37
GGGIA	11
GGGLA	15
GGGLG	11
GGGLL	16
GGGRL	11
GGGRS	12
GGGSG	10
GGGSL	11
GGGTV	13
GGHSL	10
GGIAL	10
GGLAA	13
GGLAG	17
GGLAL	20
GGLAV	13
GGLGG	15
GGLGL	15
GGLGV	13
GGLIG	10
GGLLA	30
GGLLG	19
GGLLL	33
GGLLP	11
GGLLV	14
GGLPA	13
GGLRA	10
GGLRL	12
GGLRV	11
GGLSA	28
GGLVA	14
GGLVG	26
GGPIG	11
GGPLG	10
GGPLS	12
GGQRQ	16
GGRAA	14
GGRAG	10
GGRAL	12
GGRIV	11
GGRLA	14
GGRLL	11
GGRLR	13
GGRPA	11
GGRSG	10
GGRVA	10
GGRVT	14
GGSAA	11
GGSGA	14
GGSLA	11
GGSLL	16
GGTGA	14
GGTGL	12
GGTLA	14
GGTLF	20
GGTLL	10
GGTLR	10
GGTSL	10
GGTVY	11
GGVAA	10
GGVGA	10
GGVLA	10
GGVLL	12
GGWLA	11
GGYLG	10
GHARW	10
GHEVR	12
GHPAL	11
GHPGR	11
GHPLA	10
GHPLL	10
GHPVV	14
GIAAA	12
GIAAL	18
GIAGL	13
GIALA	16
GIALG	12
GIALI	10
GIALL	17
GIALS	10
GIALV	10
GIARA	13
GIAVE	11
GIDLA	10
GIDLD	10
GIDLG	11
GIDPA	11
GIELE	10
GIELP	10
GIERL	14
GIGAA	12
GIGAL	12
GIGAV	10
GIGGL	11
GIGGS	10
GIGLA	12
GIGLL	18
GIGRA	11
GIGRE	12
GIILA	13
GILAA	16
GILEV	11
GILGL	10
GILLA	16
GILLG	10
GIPGL	10
GIPLA	10
GIRLS	13
GISAA	11
GIVAG	10
GIVGA	10
GIVLL	11
GKELV	10
GKILL	11
GKLDR	14
GKLLA	10
GKLRF	10
GKRVA	14
GKRVL	10
GKSSL	16
GKSTL	49
GKSTT	12
GKTLL	12
GKTSL	14
GKTTL	41
GKTTT	13
GKVAL	11
GKVLL	10
GLAAA	31
GLAAE	10
GLAAG	18
GLAAI	11
GLAAL	37
GLAAP	10
GLAAR	20
GLAAS	10
GLAAV	11
GLADL	17
GLAEA	18
GLAEL	12
GLAER	16
GLAEV	13
GLAFA	11
GLAGA	18
GLAGE	12
GLAGG	10
GLAGL	25
GLAGR	15
GLAGS	12
GLAGT	10
GLAGV	13
GLAIA	24
GLAIG	13
GLAIL	20
GLAIV	10
GLALA	48
GLALD	11
GLALE	12
GLALF	11
GLALG	28
GLALI	19
GLALL	58
GLALR	19
GLALS	16
GLALT	11
GLALV	12
GLAPA	15
GLAPG	16
GLAPL	18
GLAQA	12
GLAQG	11
GLAQL	14
GLARA	18
GLARG	15
GLARL	20
GLARR	12
GLASD	10
GLATL	19
GLAVA	14
GLAVG	19
GLAVL	20
GLAVS	14
GLAVV	11
GLDAA	22
GLDAL	19
GLDDA	12
GLDGF	10
GLDGL	12
GLDLA	11
GLDLD	11
GLDLG	11
GLDLP	13
GLDLV	13
GLDPA	14
GLDRL	14
GLDVA	10
GLDVL	19
GLEAA	11
GLEAL	14
GLEAR	11
GLEGV	10
GLELA	17
GLELG	12
GLELL	19
GLELV	10
GLERA	11
GLERV	10
GLESV	12
GLETL	11
GLFAA	14
GLFAL	12
GLFLD	11
GLFLL	15
GLGAA	28
GLGAG	12
GLGAL	17
GLGAS	12
GLGDA	14
GLGDG	25
GLGEA	10
GLGEL	11
GLGER	12
GLGFS	10
GLGGA	12
GLGGE	11
GLGGG	13
GLGGL	17
GLGGR	10
GLGIA	10
GLGLA	52
GLGLG	20
GLGLL	33
GLGLS	13
GLGLV	13
GLGML	11
GLGNG	18
GLGRF	10
GLGRL	12
GLGSL	13
GLGVL	11
GLGVS	12
GLIAA	10
GLIAG	11
GLIAL	12
GLIEA	10
GLIER	10
GLIGA	10
GLIGV	11
GLILL	11
GLLAA	47
GLLAE	15
GLLAF	10
GLLAG	34
GLLAI	15
GLLAL	45
GLLAR	21
GLLAS	14
GLLAV	20
GLLDA	13
GLLDG	12
GLLEA	12
GLLEL	13
GLLEQ	15
GLLFG	16
GLLGA	17
GLLGE	17
GLLGG	17
GLLGI	12
GLLGL	33
GLLGR	14
GLLGV	15
GLLIA	15
GLLIG	15
GLLLA	58
GLLLE	14
GLLLG	51
GLLLI	14
GLLLL	44
GLLLP	11
GLLLQ	10
GLLLS	17
GLLLT	21
GLLLV	20
GLLPG	17
GLLPR	13
GLLPV	14
GLLQG	11
GLLRE	12
GLLRG	11
GLLRP	12
GLLRQ	10
GLLSA	12
GLLSG	15
GLLSL	13
GLLSR	12
GLLTA	11
GLLTL	19
GLLVA	18
GLLVD	12
GLLVE	11
GLLVG	11
GLLVL	15
GLLVS	11
GLPAA	17
GLPAD	14
GLPAG	10
GLPAL	14
GLPAR	12
GLPAV	12
GLPDL	10
GLPEA	13
GLPGL	11
GLPGQ	10
GLPLA	13
GLPLD	12
GLPLL	12
GLPLP	13
GLPLV	12
GLPPA	13
GLPPL	11
GLPRL	12
GLPVL	22
GLPVR	14
GLPVV	11
GLQAL	11
GLQAR	10
GLRAL	18
GLRAR	15
GLRAV	11
GLREA	14
GLRER	12
GLRGL	11
GLRGR	10
GLRLA	23
GLRLD	23
GLRLG	10
GLRLI	11
GLRLL	21
GLRLP	10
GLRLR	13
GLRLV	14
GLRPG	10
GLRPL	11
GLRRL	14
GLRTL	10
GLRVL	14
GLSAA	32
GLSAE	11
GLSAG	10
GLSAL	22
GLSAP	20
GLSAR	20
GLSAS	12
GLSEA	12
GLSFA	11
GLSGA	17
GLSGL	13
GLSLA	13
GLSLE	11
GLSLG	14
GLSLL	17
GLSLQ	11
GLSLR	12
GLSLS	11
GLSPA	10
GLSRR	11
GLSSR	11
GLTAL	10
GLTLA	10
GLTLG	10
GLTLL	11
GLVAA	16
GLVAG	13
GLVGA	14
GLVKA	11
GLVLA	19
GLVLG	15
GLVLL	19
GLVLS	12
GLVLV	12
GLVPR	13
GLVRA	12
GLVSA	10
GLVVL	16
GLVVV	11
GLYLL	12
GMEHY	11
GMGLA	12
GMLAA	12
GMLAL	10
GMLLA	11
GNALA	13
GNDIL	10
GNDTL	14
GNGYA	11
GNLLA	12
GNVRE	16
GPAAA	15
GPALA	16
GPAPE	10
GPEGL	10
GPGTG	12
GPIGA	14
GPITA	11
GPLAA	11
GPLAD	11
GPLAG	13
GPLAL	11
GPLGA	10
GPLLA	15
GPLLG	13
GPLLP	10
GPLLR	17
GPNGA	12
GPRKT	11
GPSGC	10
GPTGS	10
GPVFL	14
GPVGF	16
GQAAL	16
GQALA	14
GQALL	17
GQALV	10
GQCLD	10
GQLAG	11
GQLAV	10
GQLLA	13
GQLLE	11
GQPLA	11
GQPLL	13
GQPVL	10
GQQQR	10
GQRLA	12
GQRLL	12
GQRLR	12
GQRQR	17
GQTLL	10
GQVLA	18
GQVLV	18
GQVVA	11
GRAAA	15
GRAAE	10
GRAAG	13
GRAAL	16
GRAEG	11
GRAGA	10
GRAGL	12
GRAGR	12
GRALA	24
GRALG	10
GRALL	17
GRAVA	12
GRDLL	13
GRDRL	18
GRDTL	19
GRDTS	10
GRDVL	10
GREAL	11
GRELA	14
GRELF	10
GRFSL	10
GRFVA	10
GRGAL	10
GRGFA	10
GRGLR	11
GRIAA	12
GRIAE	11
GRIAL	12
GRIDL	10
GRIVR	10
GRLAA	20
GRLAD	12
GRLAE	15
GRLAG	16
GRLAL	21
GRLAR	16
GRLAV	15
GRLDA	13
GRLDD	14
GRLDE	10
GRLDL	11
GRLDS	10
GRLDT	10
GRLEA	10
GRLEL	11
GRLER	11
GRLFA	11
GRLGA	12
GRLGE	14
GRLGL	17
GRLGV	10
GRLLA	30
GRLLD	12
GRLLE	17
GRLLG	18
GRLLL	15
GRLLP	20
GRLLR	19
GRLLV	14
GRLNA	12
GRLPA	11
GRLPL	13
GRLQA	10
GRLRA	14
GRLRG	11
GRLRL	22
GRLRR	15
GRLRV	16
GRLSG	14
GRLSL	13
GRLTL	10
GRLVA	14
GRLVG	10
GRPAL	12
GRPLA	26
GRPLE	10
GRPLL	12
GRPLP	20
GRQLL	10
GRRAA	10
GRRFE	19
GRRIV	10
GRRLA	22
GRRLD	14
GRRLL	19
GRRLR	11
GRRVA	13
GRRVL	16
GRSFE	11
GRSLA	18
GRSLP	12
GRTAA	15
GRTSR	10
GRVAA	13
GRVAR	10
GRVAV	11
GRVGV	14
GRVLA	10
GRVLD	12
GRVLL	11
GRVRA	10
GRVVE	13
GSAAA	21
GSADL	11
GSAER	12
GSAGV	11
GSALA	13
GSALL	11
GSALT	11
GSAVA	13
GSDLD	11
GSGAA	18
GSGAD	11
GSGAL	12
GSGEA	10
GSGGV	11
GSGKS	28
GSGKT	34
GSGRL	13
GSLAA	19
GSLAG	16
GSLAL	13
GSLAS	11
GSLAV	11
GSLER	13
GSLGA	12
GSLGL	12
GSLLA	13
GSLLD	10
GSLLG	16
GSLLL	18
GSLLV	13
GSLSA	13
GSRLL	14
GSRSS	13
GSSGE	11
GSSGL	11
GSVAA	10
GSVSG	10
GSWLN	11
GTAAA	10
GTALA	11
GTALL	15
GTATA	12
GTDTL	10
GTGGT	13
GTGKE	12
GTGKT	21
GTGLG	22
GTGLL	12
GTGLS	11
GTITE	10
GTLAA	14
GTLAL	14
GTLAV	31
GTLFL	22
GTLGL	10
GTLGS	13
GTLLA	14
GTLLG	12
GTLLL	25
GTLLP	10
GTLRL	10
GTLSV	11
GTLTL	12
GTQLL	10
GTRTY	19
GTVYL	11
GVAAA	15
GVAAD	10
GVAAE	11
GVAAG	15
GVAAL	15
GVAEG	10
GVAGA	10
GVAGL	16
GVAGV	10
GVALA	20
GVALL	16
GVARL	10
GVDGL	15
GVDLA	16
GVEGL	11
GVEIG	12
GVELA	10
GVELG	10
GVERL	11
GVFLL	13
GVGAA	12
GVGAL	14
GVGGA	12
GVGIA	11
GVGKT	35
GVGLA	18
GVGLG	13
GVGLL	15
GVGLS	11
GVGLV	11
GVGRL	10
GVIAG	11
GVIAL	12
GVIRL	10
GVKAI	10
GVLAA	18
GVLAG	15
GVLAL	13
GVLAP	10
GVLDA	10
GVLDR	12
GVLGL	15
GVLLA	18
GVLLG	19
GVLLI	12
GVLLL	16
GVLLS	11
GVLLV	10
GVLRP	10
GVLRR	11
GVLSV	10
GVLVG	11
GVLVL	10
GVPAL	13
GVPGL	15
GVPLA	17
GVPLL	17
GVPLV	13
GVPVV	11
GVRLA	11
GVRLL	22
GVRPV	11
GVRQA	16
GVRVL	10
GVRVS	12
GVSGA	12
GVSLA	11
GVSQR	11
GVSVA	10
GVTGK	11
GVTLF	11
GVVAA	10
GVVAG	17
GVVAL	12
GVVAR	10
GVVEA	10
GVVLA	11
GWLLA	12
GYAGT	11
GYALL	10
GYESG	16
GYFQT	12
GYLGR	11
GYLLG	10
GYTEG	13
GYVGL	10
HAAGG	10
HAARL	12
HADYL	11
HARIA	11
HARRL	12
HARWT	10
HDHDH	16
HEALR	12
HEFSG	10
HEVRL	11
HGLDL	10
HGSWL	11
HKVAG	14
HLAEL	14
HLAER	10
HLAGR	11
HLARL	14
HLLER	10
HNVGM	10
HPALA	13
HPGRD	12
HPLAA	15
HPLAG	10
HPVVC	11
HQLIE	10
HRLAA	10
HRLRA	11
HSAAS	10
HYFEA	16
HYRII	13
IAAAA	14
IAAAG	13
IAAAL	17
IAAAR	15
IAAAV	13
IAAEL	11
IAAGA	12
IAAGL	12
IAAGR	10
IAAGV	12
IAAHA	10
IAALA	33
IAALD	13
IAALE	17
IAALG	16
IAALL	24
IAALR	15
IAALV	10
IAARL	16
IAASL	10
IAATG	10
IADLA	10
IADLI	10
IADLL	10
IAEAA	12
IAEAL	23
IAEAV	11
IAELA	12
IAELL	10
IAERL	18
IAGAG	13
IAGAL	11
IAGGL	10
IAGLA	10
IAGLL	22
IAGLP	10
IAGRL	14
IALAA	14
IALAG	11
IALAL	17
IALAR	11
IALAV	13
IALDG	21
IALGA	15
IALGL	18
IALLA	17
IALLL	21
IALLP	11
IALLV	12
IALSC	10
IALTA	13
IAPAL	11
IAPLL	13
IAQAA	11
IAQFS	16
IAQML	10
IARAA	10
IARAL	40
IAREL	15
IARGL	15
IARLA	11
IARLL	12
IARLR	13
IARQL	12
IARRL	17
IARTL	12
IASLA	11
IASPR	10
IATAT	10
IATLL	13
IAVAA	10
IAVAE	14
IAVLA	13
IDAAG	13
IDALA	10
IDGEL	10
IDGLA	10
IDLLA	10
IDLLG	11
IDLSA	20
IDLSG	11
IDNLK	14
IDRLL	11
IDRLR	10
IDSIA	10
IDSLE	10
IDVSA	12
IEAAA	14
IEAGA	11
IEAGL	10
IEALE	10
IEALL	15
IEALR	19
IEARL	17
IEEAL	14
IEGAG	21
IEINV	10
IELGE	13
IELLG	11
IEMAF	16
IEQAL	11
IEQLR	10
IERAG	10
IERIA	13
IERIE	10
IERLA	12
IERLR	17
IEVLR	12
IGAAL	25
IGAGA	11
IGAGG	14
IGAGL	13
IGALA	13
IGALL	22
IGASG	10
IGAVL	19
IGEAI	18
IGELP	10
IGERL	10
IGGGL	10
IGGLA	16
IGGLL	15
IGGLV	10
IGLAA	12
IGLAL	12
IGLGL	12
IGLLA	10
IGLLG	10
IGLLL	17
IGLVA	13
IGLVG	10
IGPIT	10
IGRLL	10
IGVGL	10
IGVLL	13
IILSP	11
ILAAG	11
ILAAL	26
ILAAS	10
ILADL	13
ILAGA	12
ILAGL	19
ILALA	22
ILALL	11
ILASL	13
ILAVL	10
ILDEA	11
ILDFD	16
ILDGG	17
ILDLL	11
ILERL	10
ILEVD	10
ILGGG	10
ILGLL	23
ILIDG	15
ILKAG	13
ILLAC	14
ILLAG	18
ILLAL	13
ILLDG	12
ILLFG	11
ILLGL	10
ILLLA	10
ILLLD	11
ILLLL	13
ILLSL	10
ILLVL	10
ILSAL	12
ILSPQ	11
ILTGA	11
ILVGA	10
INALI	11
INVLA	12
INWQF	10
IPAAL	11
IPLLL	11
IPPKA	10
IQAAI	13
IQQAL	11
IRAAL	10
IRAAV	11
IRAGL	10
IRALA	10
IRALG	12
IRALL	12
IRARL	10
IRDAL	12
IRDLL	10
IRDSV	11
IREQL	13
IRERL	12
IRLDG	17
IRLNA	16
IRPLL	11
IRQRL	10
IRQVR	10
IRRLG	10
IRRVA	10
IRVDG	11
ISALA	11
ISLLA	10
ITDFD	10
ITGLS	10
IVAAA	15
IVAAL	11
IVAAT	10
IVATL	11
IVGAG	18
IVGAL	11
IVGGG	10
IVGLL	12
IVLGL	10
IVLGV	11
IVRRL	11
IVVMD	16
IYTSG	15
KAAAR	22
KAAEE	17
KAAGL	12
KAARL	10
KAGGA	13
KAGLT	12
KAGVD	11
KALAA	12
KALAE	14
KALEA	10
KALGA	17
KALLA	14
KALLL	10
KALLR	21
KALPE	10
KALRD	12
KARAA	10
KARAL	12
KARLL	13
KASEL	10
KASGE	12
KASGL	11
KATLG	10
KAVAA	13
KDFGA	10
KELVA	11
KEQLG	12
KEVAA	10
KGASG	10
KGELL	10
KGGVG	11
KGIEL	10
KGKRV	12
KGRTA	10
KHGSW	10
KIDGE	10
KIDNL	11
KINWQ	10
KIRGF	10
KKPRR	12
KKTNS	10
KLAAL	12
KLALA	16
KLDGG	13
KLDRK	11
KLKAL	19
KLLAE	18
KLLAG	10
KLLRL	14
KLLRV	15
KLRFS	11
KLRSL	13
KLSGG	13
KLSRR	12
KPRRE	11
KRLAE	10
KRLAR	10
KRLLA	10
KRRCV	10
KSGFT	10
KSTLL	27
KSYEA	10
KTLLA	16
KTNSS	11
KTSAQ	10
KTTLL	14
KTYGE	10
KVAGV	15
KVERV	13
LAAAA	41
LAAAC	11
LAAAD	16
LAAAE	24
LAAAF	18
LAAAG	52
LAAAI	23
LAAAL	58
LAAAP	22
LAAAQ	16
LAAAR	26
LAAAS	19
LAAAT	16
LAAAV	19
LAAAW	12
LAAAY	11
LAACA	11
LAADA	12
LAADE	11
LAADG	10
LAADL	11
LAADR	15
LAADS	10
LAAEA	15
LAAEE	10
LAAEG	14
LAAEI	19
LAAEL	38
LAAEP	12
LAAEQ	13
LAAER	28
LAAEV	13
LAAFA	10
LAAFG	16
LAAFL	11
LAAFV	12
LAAGA	28
LAAGD	16
LAAGE	23
LAAGF	14
LAAGG	26
LAAGH	10
LAAGI	13
LAAGK	13
LAAGL	49
LAAGM	10
LAAGQ	12
LAAGR	19
LAAGS	17
LAAGT	16
LAAGV	16
LAAHA	11
LAAHL	11
LAAIA	16
LAAIE	11
LAAIG	14
LAAIL	13
LAAIR	20
LAAKR	10
LAALA	81
LAALC	10
LAALD	31
LAALE	40
LAALF	20
LAALG	50
LAALI	17
LAALK	23
LAALL	67
LAALM	10
LAALP	31
LAALQ	21
LAALR	51
LAALS	24
LAALT	26
LAALV	27
LAALY	11
LAAMA	10
LAAML	13
LAANL	11
LAAPA	17
LAAPL	25
LAAPV	10
LAAQA	19
LAAQG	10
LAAQL	14
LAAQP	12
LAAQR	13
LAAQT	10
LAARA	28
LAARD	14
LAARE	12
LAARF	16
LAARG	33
LAARH	12
LAARK	11
LAARL	45
LAARP	11
LAARR	24
LAARS	15
LAASA	17
LAASG	14
LAASL	26
LAASP	12
LAASR	14
LAATA	16
LAATG	10
LAATL	36
LAATP	10
LAAVA	20
LAAVE	14
LAAVG	16
LAAVL	27
LAAVP	12
LAAVR	12
LAAVS	11
LAAVT	13
LAAVV	15
LAAWA	10
LAAWL	10
LAAYL	14
LACDR	13
LACGL	12
LADAA	14
LADAD	11
LADAE	19
LADAG	15
LADAL	31
LADAV	11
LADEL	11
LADGG	10
LADGL	15
LADGR	24
LADGS	25
LADIR	10
LADLA	23
LADLD	10
LADLE	17
LADLG	11
LADLK	13
LADLL	17
LADLP	16
LADLQ	13
LADLR	18
LADLS	16
LADLV	10
LADPA	21
LADRA	11
LADRI	14
LADRL	22
LADSA	10
LADSL	14
LADTL	13
LADWL	18
LAEAA	33
LAEAD	12
LAEAE	19
LAEAG	34
LAEAI	15
LAEAL	37
LAEAP	10
LAEAR	18
LAEEA	10
LAEEI	10
LAEEL	21
LAEER	11
LAEGA	17
LAEGD	10
LAEGE	12
LAEGI	12
LAEGL	19
LAEGR	17
LAEGV	12
LAEHL	16
LAEIA	16
LAEKL	13
LAELA	58
LAELD	24
LAELE	18
LAELG	30
LAELK	11
LAELL	32
LAELP	17
LAELQ	14
LAELR	26
LAELS	11
LAELT	10
LAELV	12
LAELY	10
LAEPA	11
LAEQA	22
LAEQG	20
LAEQL	16
LAEQV	13
LAERA	43
LAERD	10
LAERE	10
LAERF	17
LAERG	35
LAERI	19
LAERL	60
LAERP	10
LAERR	23
LAERV	11
LAERY	14
LAESL	15
LAETA	14
LAETL	13
LAEVA	21
LAEVD	10
LAEVE	11
LAEVG	13
LAEVL	12
LAEVQ	11
LAEVR	14
LAEVV	10
LAFAA	10
LAFAG	15
LAFAL	16
LAFGL	15
LAFLA	15
LAFLG	16
LAFLL	11
LAGAA	34
LAGAD	14
LAGAE	12
LAGAF	10
LAGAG	24
LAGAI	11
LAGAL	47
LAGAR	22
LAGAS	17
LAGAT	14
LAGAV	15
LAGAY	10
LAGCA	19
LAGDG	10
LAGEA	23
LAGEG	23
LAGEL	36
LAGEP	10
LAGER	11
LAGEV	10
LAGFA	23
LAGFG	12
LAGFL	12
LAGFS	14
LAGFV	10
LAGGA	33
LAGGE	11
LAGGG	10
LAGGI	12
LAGGL	26
LAGGS	11
LAGGV	13
LAGHA	17
LAGHL	10
LAGIA	15
LAGID	12
LAGIG	12
LAGIL	11
LAGIP	10
LAGIR	10
LAGIV	12
LAGLA	74
LAGLC	12
LAGLD	19
LAGLE	18
LAGLF	14
LAGLG	44
LAGLI	17
LAGLL	57
LAGLP	30
LAGLR	24
LAGLS	22
LAGLT	17
LAGLV	17
LAGMA	17
LAGML	12
LAGPG	12
LAGQA	10
LAGQC	10
LAGQG	13
LAGQP	10
LAGQR	10
LAGRA	11
LAGRD	13
LAGRG	20
LAGRI	13
LAGRL	41
LAGRP	12
LAGRR	20
LAGRS	18
LAGRV	16
LAGSA	20
LAGSD	10
LAGSG	19
LAGSL	21
LAGSS	14
LAGSV	10
LAGTA	10
LAGTL	24
LAGVA	21
LAGVG	15
LAGVL	17
LAGVP	11
LAGVR	10
LAGVS	12
LAGVV	15
LAGYA	10
LAGYL	12
LAHLR	12
LAHRL	17
LAIAA	16
LAIAE	14
LAIAG	18
LAIAI	13
LAIAL	25
LAIAR	21
LAIER	13
LAIGA	18
LAIGG	10
LAIGL	23
LAILA	21
LAILE	10
LAILG	20
LAILK	10
LAILL	18
LAILR	13
LAILV	11
LAIVG	12
LAIWL	10
LAKAG	11
LAKLL	11
LAKRL	10
LALAA	51
LALAC	10
LALAD	15
LALAE	28
LALAF	11
LALAG	61
LALAI	33
LALAL	64
LALAM	11
LALAP	14
LALAR	42
LALAS	26
LALAT	18
LALAV	34
LALDA	12
LALDE	11
LALDG	21
LALDL	12
LALDP	12
LALDR	11
LALEA	12
LALEE	10
LALEL	12
LALER	13
LALFA	17
LALFG	12
LALFL	15
LALGA	37
LALGE	14
LALGF	12
LALGG	18
LALGL	37
LALGR	12
LALGS	14
LALGT	10
LALGV	19
LALGY	10
LALIA	24
LALIE	11
LALIG	15
LALIL	16
LALIV	17
LALLA	89
LALLD	30
LALLE	20
LALLF	17
LALLG	52
LALLI	16
LALLL	56
LALLP	28
LALLR	16
LALLS	15
LALLT	18
LALLV	26
LALNA	18
LALPA	28
LALPE	12
LALPG	25
LALPL	18
LALPP	11
LALQD	10
LALQG	11
LALQR	10
LALRA	16
LALRE	13
LALRG	15
LALRL	17
LALRR	17
LALSA	20
LALSD	11
LALSG	23
LALSL	24
LALSV	10
LALTA	11
LALTG	16
LALTL	23
LALVA	21
LALVD	10
LALVE	18
LALVF	13
LALVG	20
LALVL	30
LALVV	13
LAMAA	12
LAMAG	10
LAMLA	11
LAMLG	12
LAMLL	10
LANLA	11
LANTL	10
LANVL	10
LAPAA	15
LAPAG	10
LAPAL	16
LAPAT	12
LAPEL	13
LAPER	16
LAPGA	13
LAPGE	14
LAPGL	10
LAPGS	14
LAPLA	32
LAPLG	14
LAPLL	26
LAPLP	14
LAPLR	10
LAPLV	13
LAPPP	10
LAPRL	22
LAQAA	20
LAQAE	11
LAQAG	11
LAQAI	13
LAQAL	21
LAQAR	11
LAQAV	10
LAQGG	11
LAQGL	15
LAQLA	14
LAQLD	13
LAQLE	16
LAQLG	14
LAQLL	12
LAQLR	17
LAQQA	16
LAQRA	11
LAQRL	13
LAQVA	19
LARAA	26
LARAD	10
LARAE	18
LARAG	19
LARAL	45
LARAR	23
LARAV	17
LARAY	11
LARDL	16
LAREA	19
LAREE	11
LAREG	12
LAREL	32
LARER	12
LAREV	11
LARFL	10
LARGA	19
LARGE	20
LARGG	14
LARGL	13
LARGY	14
LARHG	14
LARHL	12
LARIA	23
LARIE	11
LARIG	11
LARLA	47
LARLD	34
LARLE	26
LARLG	33
LARLH	13
LARLK	16
LARLL	44
LARLP	30
LARLQ	13
LARLR	48
LARLS	13
LARLV	14
LARPA	13
LARPE	10
LARPL	13
LARQA	17
LARQG	17
LARQL	22
LARQV	10
LARRA	19
LARRE	14
LARRF	16
LARRG	16
LARRL	44
LARRP	13
LARRR	12
LARRS	10
LARSA	11
LARSG	11
LARSL	29
LARTL	14
LARVA	13
LARVL	21
LARVR	15
LARYG	11
LARYR	17
LASAA	16
LASAE	11
LASAG	13
LASAI	10
LASAL	21
LASAQ	10
LASAR	14
LASAS	12
LASDA	12
LASDL	12
LASEA	20
LASEL	10
LASGA	20
LASGL	20
LASGR	20
LASGS	12
LASIA	12
LASLA	26
LASLD	13
LASLE	13
LASLF	10
LASLG	23
LASLL	31
LASLP	19
LASLR	16
LASLS	13
LASLV	10
LASPL	11
LASRL	14
LASRP	12
LASTL	11
LASVA	12
LASVL	13
LATAE	13
LATAG	12
LATAL	15
LATAR	16
LATGG	11
LATLA	27
LATLD	10
LATLE	11
LATLG	12
LATLL	35
LATLR	14
LATLS	10
LATLV	15
LATPL	11
LATRL	13
LATVL	13
LAVAA	22
LAVAD	10
LAVAG	22
LAVAL	26
LAVAN	10
LAVAR	11
LAVAT	11
LAVAV	19
LAVDA	14
LAVEA	14
LAVEL	13
LAVER	16
LAVEV	11
LAVGA	21
LAVGD	10
LAVGG	12
LAVGL	24
LAVGV	20
LAVIL	10
LAVLA	29
LAVLD	11
LAVLE	15
LAVLG	22
LAVLK	11
LAVLL	30
LAVLP	11
LAVLR	19
LAVLV	14
LAVPA	13
LAVPG	10
LAVPL	18
LAVPV	11
LAVQA	11
LAVRL	13
LAVRR	11
LAVSA	10
LAVSG	10
LAVSL	19
LAVTA	10
LAVTL	15
LAVVA	20
LAVVL	16
LAVVV	10
LAWLL	15
LAYVG	17
LAYVI	11
LCALL	10
LDAAA	19
LDAAG	20
LDAAL	44
LDAAQ	10
LDAAR	16
LDAAV	20
LDADG	12
LDAER	10
LDAGA	17
LDAGL	14
LDAGR	10
LDAIA	15
LDAIG	11
LDAKI	13
LDALA	28
LDALD	13
LDALE	14
LDALG	19
LDALL	31
LDALP	14
LDALR	11
LDALS	10
LDALT	13
LDALV	13
LDAPL	10
LDAQA	10
LDAQR	15
LDARA	11
LDARG	10
LDARL	17
LDARR	10
LDAVL	10
LDAVR	10
LDDAA	10
LDDAE	12
LDDEL	10
LDDGR	13
LDDLL	14
LDDLR	13
LDEAA	34
LDEAD	10
LDEAE	14
LDEAG	14
LDEAL	25
LDEAR	16
LDEAT	10
LDEGR	10
LDEIG	19
LDELA	19
LDELE	10
LDELG	15
LDELL	18
LDELP	20
LDELR	16
LDEPL	11
LDEPT	21
LDERL	16
LDFDP	15
LDGAG	13
LDGAL	11
LDGAM	13
LDGAR	11
LDGDE	10
LDGDL	11
LDGER	10
LDGFA	10
LDGGA	45
LDGGD	10
LDGGG	15
LDGGK	10
LDGGL	10
LDGLA	13
LDGLE	10
LDGLG	19
LDGLL	18
LDGLS	15
LDGRE	11
LDGRL	14
LDGRP	11
LDGTD	10
LDLAA	17
LDLAE	14
LDLAG	18
LDLAL	16
LDLAR	14
LDLDA	13
LDLEA	13
LDLGA	10
LDLGD	12
LDLGL	15
LDLLD	10
LDLLE	11
LDLLG	11
LDLLL	19
LDLLP	12
LDLLR	17
LDLNL	10
LDLPG	12
LDLPV	12
LDLRL	16
LDLRR	10
LDLSG	10
LDLSL	13
LDNLA	10
LDPAL	15
LDPAR	16
LDPEA	11
LDPHA	11
LDQAL	11
LDRAA	14
LDRAG	11
LDRHA	11
LDRKA	10
LDRLA	13
LDRLD	10
LDRLE	11
LDRLG	11
LDRLL	30
LDRLR	13
LDRLS	11
LDRLV	14
LDRRI	12
LDRRL	14
LDSLG	14
LDSSI	10
LDTGF	10
LDTLL	13
LDVLA	14
LDVLG	10
LDVLL	13
LDVYS	11
LEAAA	19
LEAAD	10
LEAAG	20
LEAAL	26
LEAAR	30
LEADA	10
LEAEL	24
LEAER	11
LEAFR	13
LEAGA	11
LEAGE	18
LEAGL	15
LEAGR	14
LEAIA	15
LEAIR	18
LEALA	26
LEALD	15
LEALE	15
LEALG	19
LEALI	13
LEALK	10
LEALL	30
LEALP	11
LEALQ	14
LEALR	30
LEALV	22
LEAQA	11
LEARD	13
LEARG	18
LEARL	32
LEARR	14
LEARV	12
LEASG	11
LEAVA	12
LEAVL	11
LEAVP	13
LEAVR	15
LEDGR	12
LEDGS	10
LEDLA	10
LEEAE	11
LEEAG	13
LEEAL	17
LEEAV	12
LEEEL	10
LEEGA	10
LEEIA	10
LEEIG	13
LEELA	25
LEELD	12
LEELG	13
LEELL	15
LEELR	11
LEEQL	11
LEERG	11
LEERL	19
LEEVA	10
LEEVL	10
LEGAG	13
LEGAL	12
LEGEL	11
LEGGA	10
LEGGE	10
LEGLP	12
LEGLR	11
LEGRA	11
LEGSA	11
LEHLP	10
LEKAG	11
LEKAL	13
LELAA	15
LELAD	12
LELAE	11
LELAL	19
LELAR	22
LELDA	12
LELDD	12
LELDG	13
LELGA	14
LELGG	17
LELLA	15
LELLD	13
LELLE	18
LELLG	26
LELLP	10
LELLR	21
LELLV	14
LELPA	10
LELRD	10
LELTG	11
LEPAA	16
LEPLL	10
LEQAA	13
LEQAE	13
LEQAG	14
LEQAL	20
LEQAR	13
LEQAV	12
LEQLA	14
LEQLL	15
LEQLR	16
LEQRI	10
LEQRL	12
LEQVL	12
LERAA	22
LERAE	11
LERAG	21
LERAL	24
LERAR	18
LERDA	10
LERDG	11
LERDL	18
LEREG	13
LEREP	11
LERER	25
LERGE	10
LERIA	18
LERIE	13
LERIR	14
LERIV	10
LERLA	29
LERLD	15
LERLE	20
LERLG	44
LERLK	11
LERLL	22
LERLP	19
LERLQ	16
LERLR	37
LERLS	10
LERLV	13
LERMR	11
LERQL	11
LERRA	13
LERRG	16
LERRL	25
LERRR	11
LERSL	10
LERVE	13
LERVL	16
LERVR	11
LERVS	10
LESAA	13
LESEL	10
LESGL	10
LESGR	10
LESLA	15
LESLL	10
LESLR	16
LESNG	10
LESVL	18
LETLA	16
LETLQ	10
LETLR	10
LETRL	10
LEVAR	12
LEVDL	10
LEVFV	10
LEVLA	16
LEYVD	10
LFAAA	13
LFAAG	19
LFAAL	23
LFADL	10
LFAGL	10
LFALA	12
LFALL	16
LFARL	12
LFAVL	13
LFEPL	10
LFERA	10
LFERL	13
LFGAA	10
LFGAL	18
LFGGL	13
LFGGS	10
LFGHE	13
LFGLA	19
LFGLD	10
LFGLF	11
LFGLG	12
LFGLL	11
LFGRT	10
LFLAA	12
LFLAL	14
LFLDE	24
LFLGL	10
LFLLA	15
LFLLG	10
LFLLL	14
LFRRL	11
LFSAL	10
LFSGL	10
LFVLA	11
LGAAA	22
LGAAF	10
LGAAG	17
LGAAL	50
LGAAR	12
LGAAV	12
LGADG	10
LGADI	13
LGADV	10
LGAEL	13
LGAEQ	13
LGAER	12
LGAEV	13
LGAFL	14
LGAGA	18
LGAGF	11
LGAGG	15
LGAGL	24
LGAGR	12
LGAGV	11
LGAIA	13
LGAIL	11
LGAIR	10
LGALA	31
LGALD	14
LGALE	17
LGALG	17
LGALI	11
LGALL	52
LGALP	11
LGALR	20
LGALV	18
LGARL	21
LGARR	11
LGASE	11
LGASL	17
LGATL	16
LGAVL	22
LGAVV	10
LGDAA	11
LGDAL	10
LGDER	11
LGDGR	12
LGDGV	11
LGDGY	13
LGDLA	12
LGDLL	11
LGEAA	13
LGEAE	16
LGEAG	12
LGEAL	21
LGEAR	11
LGEIE	15
LGELA	29
LGELD	10
LGELE	13
LGELG	17
LGELL	26
LGELP	12
LGELR	17
LGERA	16
LGERF	10
LGERI	10
LGERL	30
LGERP	18
LGERV	13
LGESG	10
LGETG	10
LGETL	13
LGEVL	14
LGFAA	13
LGFAL	15
LGFLL	10
LGFSG	16
LGFTG	25
LGGAA	19
LGGAG	20
LGGAL	28
LGGEA	13
LGGEL	10
LGGGG	11
LGGGL	19
LGGGR	10
LGGGS	12
LGGHS	12
LGGIA	11
LGGIG	10
LGGLA	16
LGGLD	10
LGGLG	14
LGGLL	33
LGGLS	12
LGGRA	13
LGGRL	17
LGGRP	10
LGGRV	18
LGGVA	14
LGGVL	14
LGGWL	14
LGGYL	10
LGHPA	12
LGIAG	10
LGIAL	19
LGIAR	17
LGIEL	12
LGIGG	13
LGIGL	14
LGILA	14
LGILL	12
LGIPT	10
LGIRL	12
LGKAL	11
LGLAA	44
LGLAD	18
LGLAE	16
LGLAG	20
LGLAI	31
LGLAL	48
LGLAP	22
LGLAQ	10
LGLAR	19
LGLAS	10
LGLAV	17
LGLDA	17
LGLDE	11
LGLDG	16
LGLDL	16
LGLDR	12
LGLEL	16
LGLER	11
LGLFL	15
LGLGA	17
LGLGD	13
LGLGE	10
LGLGG	16
LGLGL	33
LGLGR	11
LGLGT	12
LGLGV	13
LGLIG	14
LGLIV	10
LGLLA	44
LGLLD	12
LGLLE	24
LGLLF	14
LGLLG	35
LGLLI	15
LGLLL	62
LGLLP	18
LGLLQ	11
LGLLR	13
LGLLS	14
LGLLT	12
LGLLV	19
LGLPA	21
LGLPE	13
LGLPG	17
LGLPI	10
LGLPL	14
LGLPP	14
LGLPR	13
LGLPV	14
LGLQR	10
LGLRA	20
LGLRE	12
LGLRL	12
LGLRP	10
LGLRR	14
LGLSA	17
LGLSE	11
LGLSG	18
LGLSL	28
LGLSP	12
LGLSR	14
LGLSS	14
LGLSV	11
LGLTA	10
LGLTG	11
LGLTL	14
LGLTR	13
LGLVG	11
LGLVL	23
LGLVP	15
LGMLA	12
LGNGY	14
LGNLL	11
LGPAL	11
LGPAT	10
LGPEG	12
LGPLA	13
LGPLL	12
LGPNG	10
LGQAL	22
LGQLA	16
LGQLL	10
LGQRL	15
LGQTL	10
LGQVL	10
LGRAL	17
LGRAR	11
LGRDL	14
LGREL	13
LGRLA	24
LGRLD	13
LGRLE	13
LGRLG	16
LGRLL	23
LGRLR	13
LGRLS	11
LGRPA	11
LGRPL	19
LGRQL	10
LGRRL	20
LGRRR	10
LGRSL	11
LGSAA	11
LGSAG	10
LGSAL	12
LGSLA	26
LGSLL	22
LGSLS	13
LGSRE	10
LGSSL	11
LGSVL	11
LGTAL	16
LGTGL	12
LGTLA	10
LGTLL	24
LGTLV	11
LGTRL	13
LGVAA	17
LGVAE	10
LGVAG	11
LGVAL	22
LGVEI	12
LGVEL	12
LGVFL	12
LGVGA	10
LGVGL	21
LGVGP	10
LGVGV	11
LGVIG	10
LGVLA	14
LGVLG	12
LGVLL	27
LGVLR	10
LGVLV	17
LGVPA	12
LGVPG	11
LGVPL	21
LGVPV	10
LGVRL	29
LGVSA	12
LGVSL	14
LGVSQ	14
LGVSV	10
LGVVA	10
LGVVL	12
LGVVP	11
LGYAG	14
LGYTG	11
LGYVG	10
LHELA	11
LHLLA	11
LHLVD	10
LHRLL	11
LIAAA	17
LIAAE	10
LIAAG	14
LIAAL	28
LIAEA	14
LIAEG	12
LIAGA	10
LIAGG	12
LIAGL	19
LIALA	11
LIALG	14
LIALL	16
LIALS	19
LIARL	12
LIASG	10
LIASL	10
LIAVA	10
LIAVL	13
LIDAL	10
LIDEL	11
LIDGG	10
LIDPL	11
LIDRL	13
LIDTA	12
LIEAL	16
LIELG	11
LIELL	10
LIEQA	10
LIERG	10
LIERI	12
LIERL	19
LIGAA	10
LIGAG	26
LIGAL	14
LIGGA	16
LIGGL	12
LIGIG	10
LIGLA	13
LIGLG	11
LIGLL	21
LIGSL	10
LIGVA	12
LIGYL	10
LILAA	14
LILAL	21
LILDE	19
LILLA	34
LILLD	12
LILLF	10
LILLL	10
LILPA	10
LIPAL	13
LIPLL	17
LIRAR	11
LIRLG	13
LIRQV	12
LITDF	13
LIVAA	11
LIVDD	12
LIVED	10
LIVLG	13
LIVLL	11
LKAAG	11
LKAGG	15
LKALA	18
LKALE	11
LKALL	26
LKALR	15
LKARL	15
LKGKR	14
LKKTN	10
LKLLA	21
LKLLD	10
LKQVL	12
LKREL	11
LKRLA	10
LKRLG	10
LKRLL	14
LKRLR	11
LKRRC	16
LKSFE	14
LKSYE	18
LKVER	12
LLAAA	50
LLAAC	18
LLAAD	18
LLAAE	26
LLAAF	16
LLAAG	54
LLAAI	17
LLAAL	79
LLAAP	27
LLAAQ	13
LLAAR	25
LLAAS	17
LLAAT	11
LLAAV	29
LLACD	12
LLACL	14
LLADA	14
LLADE	14
LLADG	17
LLADK	13
LLADL	16
LLADP	11
LLADR	12
LLAEA	26
LLAEE	12
LLAEG	28
LLAEH	17
LLAEI	12
LLAEL	41
LLAEQ	14
LLAER	38
LLAES	10
LLAET	10
LLAEV	15
LLAFA	20
LLAFG	12
LLAFL	14
LLAFS	11
LLAGA	33
LLAGC	16
LLAGE	21
LLAGF	18
LLAGG	25
LLAGI	25
LLAGL	84
LLAGM	13
LLAGP	10
LLAGQ	17
LLAGR	30
LLAGS	24
LLAGT	23
LLAGV	20
LLAHL	11
LLAIA	15
LLAIG	13
LLAIL	31
LLAIP	10
LLAKA	13
LLALA	80
LLALC	11
LLALD	11
LLALE	14
LLALF	17
LLALG	47
LLALI	16
LLALL	90
LLALP	31
LLALQ	10
LLALR	23
LLALS	18
LLALT	23
LLALV	29
LLAMA	13
LLAML	20
LLANA	11
LLANG	10
LLAPA	12
LLAPG	11
LLAPL	22
LLAQA	12
LLAQG	19
LLAQL	22
LLAQQ	14
LLAQR	10
LLARA	25
LLARE	15
LLARF	10
LLARG	21
LLARH	10
LLARI	22
LLARL	49
LLARP	14
LLARR	28
LLARS	11
LLARV	14
LLARY	12
LLASA	25
LLASE	10
LLASG	23
LLASL	41
LLASR	10
LLASS	12
LLASV	11
LLATA	18
LLATG	11
LLATL	36
LLATR	11
LLATS	13
LLATT	10
LLAVA	32
LLAVD	11
LLAVG	21
LLAVL	33
LLAVP	18
LLAVS	12
LLAVT	14
LLAVV	10
LLAWL	17
LLAYG	10
LLCAA	10
LLCRR	10
LLDAA	20
LLDAD	12
LLDAG	13
LLDAL	23
LLDAP	10
LLDAR	16
LLDDG	17
LLDDL	12
LLDDP	10
LLDEA	27
LLDEG	12
LLDEI	11
LLDEL	26
LLDEP	43
LLDER	12
LLDEV	15
LLDGA	11
LLDGD	10
LLDGE	14
LLDGG	33
LLDGL	17
LLDGR	16
LLDIG	11
LLDLA	10
LLDLG	14
LLDLL	12
LLDPA	11
LLDQL	10
LLDRA	12
LLDRE	10
LLDRG	10
LLDRL	28
LLDRM	10
LLDSL	14
LLDSR	11
LLDTA	10
LLDTL	15
LLDVL	13
LLDVR	11
LLEAA	28
LLEAE	18
LLEAF	10
LLEAG	17
LLEAI	11
LLEAL	41
LLEAM	11
LLEAR	22
LLEAV	10
LLEDG	11
LLEDL	12
LLEEA	14
LLEEL	22
LLEGA	14
LLEGE	10
LLEGG	13
LLEGL	14
LLEGS	13
LLEHL	10
LLEIL	12
LLEKL	10
LLELA	24
LLELD	18
LLELG	12
LLELL	28
LLELR	11
LLELV	10
LLEMA	12
LLENL	11
LLEQA	11
LLEQG	10
LLEQI	10
LLEQL	15
LLEQT	13
LLEQV	13
LLERA	25
LLERD	10
LLERE	15
LLERF	10
LLERG	12
LLERI	20
LLERL	59
LLERQ	13
LLERR	11
LLERS	11
LLERV	14
LLESA	13
LLESG	15
LLESL	16
LLETL	18
LLEVR	11
LLFAA	17
LLFAG	15
LLFAL	18
LLFGA	14
LLFGL	24
LLFLA	19
LLFLL	11
LLFVA	11
LLGAA	32
LLGAD	10
LLGAE	15
LLGAG	26
LLGAL	40
LLGAR	14
LLGAS	16
LLGAT	10
LLGAV	21
LLGDL	15
LLGEA	18
LLGEG	11
LLGEL	26
LLGER	30
LLGET	10
LLGFA	15
LLGGA	28
LLGGE	10
LLGGG	14
LLGGL	27
LLGGR	20
LLGGS	14
LLGGT	10
LLGGV	16
LLGIA	20
LLGIG	14
LLGIL	14
LLGKA	10
LLGLA	40
LLGLD	19
LLGLE	13
LLGLF	14
LLGLG	25
LLGLI	11
LLGLL	72
LLGLP	12
LLGLQ	11
LLGLS	26
LLGLT	14
LLGLV	20
LLGPL	15
LLGPN	12
LLGPS	12
LLGQA	13
LLGQL	16
LLGQR	10
LLGRA	10
LLGRD	10
LLGRE	10
LLGRL	23
LLGRP	10
LLGRR	10
LLGSA	18
LLGSG	13
LLGSL	30
LLGSV	10
LLGTA	12
LLGTL	20
LLGTS	11
LLGVA	16
LLGVG	19
LLGVL	27
LLGVP	10
LLGVS	16
LLGYL	10
LLHLA	10
LLIAA	18
LLIAG	13
LLIAL	16
LLIAS	13
LLIAV	14
LLIDE	10
LLIGA	17
LLIGL	22
LLIGV	13
LLILA	16
LLILD	12
LLILL	13
LLISL	10
LLIVL	10
LLKLL	13
LLKRA	11
LLLAA	62
LLLAD	17
LLLAE	11
LLLAF	14
LLLAG	63
LLLAI	13
LLLAL	71
LLLAN	10
LLLAP	17
LLLAQ	20
LLLAR	23
LLLAS	26
LLLAT	17
LLLAV	28
LLLAY	12
LLLDA	11
LLLDD	11
LLLDE	35
LLLDG	17
LLLDP	16
LLLDV	15
LLLEA	20
LLLEE	11
LLLEG	14
LLLEL	14
LLLEQ	11
LLLER	23
LLLEV	13
LLLFA	14
LLLFL	12
LLLGA	37
LLLGE	16
LLLGF	18
LLLGG	37
LLLGI	12
LLLGL	57
LLLGR	15
LLLGS	18
LLLGT	11
LLLGV	21
LLLGW	10
LLLIA	18
LLLIG	19
LLLIL	13
LLLIV	13
LLLLA	55
LLLLD	31
LLLLE	11
LLLLF	13
LLLLG	32
LLLLI	10
LLLLL	60
LLLLP	25
LLLLQ	13
LLLLR	12
LLLLS	19
LLLLT	17
LLLLV	20
LLLML	11
LLLPA	23
LLLPE	13
LLLPG	24
LLLPL	32
LLLPP	11
LLLPV	10
LLLQR	16
LLLRA	13
LLLRG	11
LLLRL	24
LLLRR	14
LLLSA	20
LLLSG	12
LLLSL	28
LLLSP	12
LLLSS	11
LLLSV	10
LLLTA	24
LLLTG	13
LLLTL	23
LLLTR	10
LLLTS	12
LLLVA	22
LLLVD	14
LLLVE	11
LLLVG	22
LLLVL	30
LLLVP	12
LLLVS	11
LLLVV	25
LLMLA	12
LLMLG	10
LLNLA	10
LLNLL	16
LLPAA	19
LLPAD	10
LLPAG	17
LLPAL	35
LLPAS	11
LLPDG	10
LLPEA	18
LLPEL	18
LLPFA	12
LLPGA	20
LLPGI	10
LLPGL	16
LLPLA	24
LLPLF	14
LLPLL	50
LLPPL	12
LLPQL	13
LLPRL	15
LLPSL	11
LLPVA	14
LLPVG	10
LLPVL	20
LLPVS	10
LLQAA	15
LLQAG	13
LLQAL	15
LLQAV	10
LLQEA	11
LLQEL	13
LLQGL	17
LLQLA	17
LLQLL	18
LLQQL	13
LLQRA	17
LLQRL	18
LLQRR	13
LLQVL	10
LLRAA	13
LLRAE	10
LLRAG	16
LLRAH	11
LLRAL	25
LLRAR	11
LLRAV	12
LLRDL	14
LLREA	22
LLREG	12
LLREI	10
LLREL	15
LLRER	18
LLREV	10
LLRGA	11
LLRGE	15
LLRGG	10
LLRGL	17
LLRGQ	10
LLRGR	11
LLRHL	12
LLRIE	11
LLRKA	21
LLRLA	29
LLRLD	15
LLRLG	16
LLRLI	12
LLRLL	39
LLRLR	10
LLRLS	10
LLRNA	12
LLRPG	11
LLRPL	16
LLRQA	24
LLRQG	15
LLRQL	16
LLRQR	10
LLRQV	11
LLRRA	20
LLRRD	11
LLRRE	11
LLRRG	10
LLRRL	32
LLRRP	10
LLRRR	12
LLRSA	13
LLRSL	13
LLRTA	13
LLRTL	11
LLRVL	25
LLSAA	16
LLSAG	10
LLSAL	22
LLSAS	10
LLSGA	20
LLSGL	13
LLSLA	30
LLSLL	29
LLSLS	12
LLSLV	10
LLSPA	12
LLSRA	10
LLSRG	14
LLSVA	12
LLTAC	11
LLTAG	10
LLTAL	20
LLTLA	23
LLTLF	10
LLTLG	11
LLTLI	12
LLTLL	19
LLTLP	10
LLTRL	10
LLTSL	14
LLTTL	12
LLVAA	22
LLVAG	13
LLVAL	34
LLVAR	11
LLVAS	10
LLVAV	20
LLVDA	11
LLVDD	15
LLVDG	14
LLVEA	17
LLVED	11
LLVEL	14
LLVER	10
LLVFA	18
LLVGA	17
LLVGE	11
LLVGG	19
LLVGL	18
LLVGS	10
LLVGV	12
LLVHG	12
LLVIL	11
LLVLA	29
LLVLD	11
LLVLG	21
LLVLI	10
LLVLL	22
LLVLP	10
LLVLQ	13
LLVLV	12
LLVPL	13
LLVRA	14
LLVRL	12
LLVSA	11
LLVSG	11
LLVSL	12
LLVSS	10
LLVTL	10
LLVVA	11
LLVVF	11
LLVVG	12
LLVVL	18
LLVVP	10
LLVWL	10
LMLAG	11
LMLAL	13
LMLLL	10
LNAAR	10
LNADG	24
LNALL	13
LNALR	10
LNARA	11
LNASL	13
LNASV	10
LNGGA	10
LNGGN	10
LNLLA	10
LNMAE	10
LNPIE	13
LNTHS	10
LPAAA	27
LPAAD	14
LPAAG	13
LPAAL	22
LPAAR	13
LPADA	18
LPAEL	20
LPAER	17
LPAGA	18
LPAGE	16
LPAGG	14
LPAGL	24
LPAGS	19
LPAGT	14
LPAGV	17
LPAHK	16
LPAIA	11
LPALA	35
LPALL	39
LPALP	15
LPALR	20
LPALS	13
LPALT	11
LPALV	11
LPAPA	19
LPAQA	11
LPARA	11
LPARL	14
LPASL	13
LPASV	10
LPATA	10
LPATV	10
LPAVA	11
LPAVL	11
LPAVR	12
LPAWL	10
LPDAL	10
LPDGL	12
LPDGR	12
LPDSA	13
LPDYM	12
LPEAE	16
LPEAL	13
LPEAQ	13
LPEAV	10
LPEGA	10
LPELA	16
LPELD	10
LPELL	15
LPELP	15
LPEPG	12
LPERL	12
LPERV	10
LPERY	10
LPESA	10
LPESL	11
LPEVA	10
LPFAL	10
LPGAA	16
LPGAG	14
LPGAL	16
LPGAP	13
LPGAV	10
LPGGA	11
LPGGL	11
LPGIG	10
LPGLA	12
LPGLD	11
LPGLL	20
LPGLP	10
LPGLR	12
LPGLS	11
LPGRL	21
LPGSA	10
LPGSL	10
LPGTL	12
LPGVL	11
LPILR	10
LPLAA	16
LPLAD	10
LPLAE	16
LPLAG	19
LPLAL	35
LPLAV	16
LPLGL	11
LPLLA	33
LPLLD	12
LPLLE	13
LPLLG	13
LPLLL	44
LPLLR	16
LPLLV	19
LPLPA	15
LPLPE	10
LPLPG	10
LPLPL	15
LPLPP	15
LPLRL	14
LPLSG	10
LPLSL	10
LPLTP	16
LPLVA	10
LPLVL	13
LPLYA	11
LPNLL	12
LPPAA	10
LPPAL	15
LPPEA	12
LPPGA	11
LPPGR	10
LPPLA	15
LPPLL	13
LPPLP	10
LPPYS	18
LPQAL	14
LPQTF	13
LPRLA	16
LPRLS	11
LPSLA	10
LPSLG	12
LPSLL	13
LPTLA	11
LPTLL	13
LPVAL	11
LPVGL	11
LPVGS	16
LPVLA	14
LPVLG	15
LPVLL	16
LPVLP	10
LPVPA	11
LPVRI	10
LPVRL	12
LPVRR	10
LQAAA	13
LQAAG	12
LQAAL	15
LQAEL	10
LQAGR	10
LQALA	26
LQALE	10
LQALG	10
LQALL	29
LQALR	16
LQAQL	10
LQARL	18
LQASL	10
LQAVL	10
LQDLG	10
LQDRL	11
LQELT	11
LQERL	10
LQGEL	16
LQGLA	12
LQGLG	12
LQLAA	12
LQLAL	10
LQLAR	11
LQLLG	11
LQLLR	11
LQQAL	16
LQQAR	11
LQQLA	12
LQQLV	11
LQRAG	12
LQRAL	13
LQRLA	25
LQRLE	13
LQRLG	15
LQRLL	17
LQRLR	20
LQRQL	11
LQRRL	15
LQVEG	11
LRAAA	17
LRAAD	12
LRAAE	12
LRAAG	30
LRAAL	27
LRAAQ	11
LRAAR	16
LRAAV	15
LRACA	11
LRAEA	12
LRAEG	13
LRAEL	14
LRAER	10
LRAGE	14
LRAGL	17
LRAIA	12
LRALA	27
LRALD	12
LRALE	20
LRALG	35
LRALL	33
LRALR	12
LRARA	14
LRARG	10
LRARI	11
LRARL	19
LRAVA	11
LRAVL	14
LRDAA	13
LRDAG	11
LRDAL	15
LRDAV	10
LRDEL	10
LRDFA	10
LRDGA	11
LRDGR	10
LRDLL	25
LRDPA	11
LRDRF	12
LRDSL	11
LRDTL	10
LRDVA	10
LREAA	26
LREAG	24
LREAI	17
LREAL	32
LREAR	15
LREAV	17
LREDS	10
LREEF	10
LREEG	13
LREEL	10
LREGL	12
LREGR	10
LRELA	33
LRELE	10
LRELG	24
LRELL	22
LRELS	12
LREQR	10
LRERA	10
LRERD	10
LRERG	24
LRERI	13
LRERL	39
LRERR	12
LRERV	17
LREVA	16
LREVR	12
LRFAA	10
LRGAA	13
LRGAE	10
LRGAG	14
LRGAL	10
LRGEG	11
LRGEL	23
LRGIL	10
LRGLA	12
LRGLG	12
LRGLL	15
LRGLR	15
LRGRA	10
LRGRG	12
LRGRL	16
LRGRV	10
LRHAL	14
LRIAL	12
LRIEE	10
LRIGA	10
LRILA	11
LRKAA	18
LRLAA	28
LRLAD	12
LRLAE	14
LRLAG	20
LRLAL	17
LRLAP	12
LRLAR	21
LRLAV	18
LRLDA	14
LRLDE	10
LRLDG	16
LRLDL	13
LRLDP	16
LRLEA	12
LRLEG	10
LRLES	11
LRLFG	10
LRLGA	10
LRLGE	16
LRLGL	15
LRLGR	10
LRLGV	12
LRLLA	36
LRLLD	14
LRLLE	13
LRLLG	31
LRLLL	19
LRLLQ	12
LRLLR	20
LRLPA	11
LRLPE	12
LRLPG	12
LRLPL	11
LRLPT	12
LRLRG	12
LRLRL	10
LRLRR	10
LRLRS	12
LRLSA	10
LRLSG	13
LRLSL	14
LRLSR	10
LRLTE	10
LRLTR	10
LRLVA	15
LRLVE	10
LRLVL	14
LRLVR	10
LRNAL	10
LRNFY	12
LRPAL	11
LRPGA	12
LRPGE	10
LRPLI	10
LRPLL	22
LRPLV	12
LRQAA	18
LRQAG	23
LRQAH	11
LRQAI	10
LRQAL	28
LRQAQ	10
LRQAR	14
LRQEL	10
LRQGL	10
LRQLA	21
LRQLE	15
LRQLG	11
LRQLL	23
LRQLR	15
LRQRL	21
LRQSL	10
LRQVL	14
LRRAA	19
LRRAG	15
LRRAL	21
LRRAV	17
LRRDG	10
LRREA	11
LRREL	20
LRREP	10
LRREV	13
LRRGE	12
LRRHL	12
LRRLA	26
LRRLD	17
LRRLE	11
LRRLG	21
LRRLI	14
LRRLK	10
LRRLL	33
LRRLP	15
LRRLR	27
LRRQA	10
LRRQG	12
LRRQL	11
LRRQV	11
LRRRA	12
LRRRG	12
LRRRL	24
LRRRR	10
LRRRV	18
LRRSG	10
LRRVA	12
LRRVL	12
LRSAA	12
LRSAL	10
LRSLA	11
LRSLG	13
LRSLL	14
LRSLY	14
LRSRG	11
LRTAL	10
LRTLL	21
LRTPL	16
LRVAG	10
LRVAL	12
LRVLA	10
LRVLD	13
LRVLE	10
LRVLG	13
LRVLL	11
LRVLQ	18
LRVRL	10
LRYLP	21
LSAAA	25
LSAAE	14
LSAAG	16
LSAAL	21
LSAAR	13
LSAAV	11
LSADA	10
LSAEA	12
LSAEE	14
LSAEQ	14
LSAGG	10
LSAGL	10
LSALA	28
LSALD	10
LSALG	34
LSALI	11
LSALL	21
LSALP	11
LSALR	11
LSALS	11
LSALV	14
LSAPL	19
LSARL	10
LSARQ	10
LSASA	13
LSASL	12
LSATL	15
LSATR	10
LSAVL	14
LSCGP	10
LSDEE	13
LSDEQ	12
LSEAL	11
LSEEE	10
LSERL	18
LSETL	11
LSEVL	13
LSGAA	11
LSGAG	12
LSGAL	18
LSGAR	10
LSGEA	11
LSGEL	10
LSGER	10
LSGGA	13
LSGGE	29
LSGGL	13
LSGGM	15
LSGGQ	27
LSGLA	15
LSGLD	11
LSGLG	16
LSGLL	18
LSGLP	13
LSGLV	10
LSGRL	16
LSGSL	11
LSIAA	11
LSLAA	20
LSLAD	10
LSLAE	10
LSLAG	28
LSLAL	23
LSLAR	13
LSLAT	10
LSLDE	12
LSLDG	11
LSLEE	12
LSLGA	15
LSLGG	11
LSLGL	17
LSLGV	16
LSLIA	11
LSLLA	24
LSLLE	13
LSLLG	16
LSLLL	25
LSLLP	11
LSLLV	15
LSLPA	11
LSLPL	20
LSLRL	15
LSLSA	12
LSLSG	10
LSLSL	17
LSLVL	11
LSMLL	11
LSNPL	10
LSPAA	11
LSPAE	10
LSPAL	10
LSPGL	11
LSPLL	16
LSPQE	12
LSREL	11
LSRGD	10
LSRLA	11
LSRLD	13
LSRLL	16
LSRLP	13
LSRLR	12
LSRLV	12
LSRPL	10
LSRRL	24
LSRRP	10
LSSET	13
LSSLL	13
LSTAL	11
LSVAL	13
LSVLA	10
LSVLL	17
LTAAD	11
LTAAE	10
LTAAG	12
LTAAL	14
LTAEQ	12
LTAER	15
LTAGL	12
LTALA	12
LTALG	12
LTALL	19
LTALP	10
LTALV	13
LTASL	13
LTEAG	11
LTELA	19
LTERL	11
LTESG	10
LTGAA	11
LTGAD	10
LTGAG	12
LTGGA	16
LTGLL	16
LTGLS	14
LTLAA	16
LTLAE	15
LTLAG	13
LTLAI	12
LTLAL	27
LTLAQ	13
LTLAR	10
LTLAS	13
LTLDG	16
LTLLA	13
LTLLF	11
LTLLG	11
LTLLL	16
LTLLP	13
LTLLR	11
LTLLV	11
LTLRG	11
LTLRN	12
LTLSL	10
LTLTA	16
LTLTG	12
LTLTL	13
LTLVL	12
LTPAA	11
LTPEQ	13
LTPGD	20
LTPLL	12
LTPNG	10
LTPRE	13
LTRLA	10
LTRLL	13
LTRRL	11
LTSKG	13
LTSLP	10
LTTGA	10
LTTLA	10
LTTRW	10
LTVAE	10
LTVGG	12
LVAAA	27
LVAAG	27
LVAAL	39
LVAAT	12
LVAAV	14
LVADA	10
LVADG	10
LVAEG	16
LVAGA	18
LVAGG	11
LVAGL	27
LVAGQ	11
LVAGV	15
LVALA	20
LVALG	22
LVALI	14
LVALL	32
LVALP	10
LVALR	13
LVALS	12
LVAPA	10
LVAPL	10
LVAQA	11
LVARD	10
LVARG	11
LVARL	17
LVARR	18
LVASL	15
LVATG	11
LVATL	11
LVAVA	11
LVAVD	11
LVAVL	13
LVAVP	11
LVAVS	11
LVAVV	13
LVDAL	19
LVDGE	10
LVDGQ	13
LVDLA	11
LVEAA	20
LVEAG	15
LVEAL	28
LVELA	17
LVELG	13
LVELL	12
LVERA	11
LVERL	16
LVERV	13
LVESR	10
LVEVL	12
LVGAA	15
LVGAG	19
LVGAI	10
LVGAL	23
LVGDD	14
LVGEL	10
LVGGA	15
LVGGL	16
LVGIA	10
LVGLA	20
LVGLG	13
LVGLL	24
LVGLS	12
LVGLV	11
LVGQG	10
LVGTL	11
LVGVL	12
LVKAG	15
LVLAA	26
LVLAD	13
LVLAE	10
LVLAG	23
LVLAL	27
LVLAR	10
LVLAS	11
LVLAV	14
LVLDA	14
LVLDE	10
LVLDG	20
LVLDL	11
LVLGA	16
LVLGG	15
LVLGL	22
LVLGS	14
LVLGV	10
LVLIA	14
LVLIG	11
LVLIL	11
LVLLA	28
LVLLG	18
LVLLL	27
LVLLP	10
LVLLS	10
LVLLV	22
LVLPG	13
LVLPL	17
LVLSA	11
LVLSG	10
LVLTA	10
LVLTG	11
LVLTL	10
LVLTP	13
LVLVA	12
LVLVD	13
LVLVG	15
LVLVL	13
LVLVV	13
LVNLA	10
LVNLL	11
LVNNA	14
LVPAA	12
LVPEL	19
LVPLA	11
LVPLL	13
LVPRQ	10
LVPVL	14
LVQAA	11
LVQAG	10
LVQLA	10
LVRAG	13
LVRAL	21
LVRKK	18
LVRLL	13
LVRRL	14
LVSAL	14
LVSAV	13
LVSGA	11
LVSGL	11
LVSLA	11
LVSLL	10
LVTAL	14
LVTGA	17
LVTGG	12
LVTHD	10
LVTLA	11
LVVAL	13
LVVAV	10
LVVDD	10
LVVDG	12
LVVGA	10
LVVGG	10
LVVGL	11
LVVLA	13
LVVLG	12
LVVLL	17
LVVLV	10
LVVSG	12
LVVVA	12
LVVVG	11
LWLAL	11
LWQSI	16
LYAAL	11
LYALA	16
LYETF	10
LYLAV	11
LYLLA	10
LYPQI	10
LYRLA	10
LYYRL	14
MAALA	11
MAALL	10
MAEIE	12
MAFSK	16
MDETP	10
MDNLN	10
MDNLP	17
MEHYR	12
MEQVL	10
MGGLS	10
MHNVG	10
MIPPK	10
MLAAL	16
MLAFA	10
MLALL	12
MLELD	11
MLGVS	16
MLLAL	12
MLLLA	14
MNGPV	15
MPEQA	10
MQPSS	10
MVPAH	10
NAAAL	10
NAALA	13
NADGS	17
NADGT	16
NAGLA	10
NALAA	13
NALAG	10
NALGT	10
NALIL	14
NALLA	11
NASLA	13
NAVLA	13
NDGRL	10
NDILD	15
NFFEL	14
NGAGK	22
NGGAG	16
NGKLD	12
NGLDG	10
NGPVF	14
NGRTS	10
NGSSG	10
NGTLA	12
NGYAG	11
NIQAG	10
NLAAV	10
NLADA	10
NLALA	10
NLARL	11
NLGLR	14
NLKRR	10
NLLAA	14
NLLAG	12
NLLDE	11
NLNTH	10
NLPAH	16
NMAEI	10
NNVAY	14
NPIEM	13
NQLDA	11
NQLLR	11
NRRLL	11
NRRVE	12
NSSRG	10
NTHSA	10
NVAYG	11
NVGME	10
NVLAG	15
NVREL	15
NVVTS	12
NWQFT	10
PAAAA	33
PAAAD	13
PAAAG	11
PAAAL	14
PAAAP	22
PAAAR	19
PAAAS	14
PAAAV	14
PAADG	12
PAADL	10
PAAEL	11
PAAER	12
PAAFA	10
PAAGA	11
PAAGL	16
PAAGT	10
PAAIG	11
PAAKA	10
PAALA	27
PAALL	20
PAALP	14
PAALR	16
PAALV	12
PAAPA	15
PAAPG	11
PAAPL	10
PAAPP	12
PAAPV	14
PAAQA	16
PAARA	11
PAARL	13
PAARR	12
PAARS	10
PAASA	14
PAAVA	18
PADAA	10
PADAG	11
PADAR	11
PADLA	15
PADLR	10
PADRL	12
PADSP	10
PAEAL	12
PAELA	23
PAELL	16
PAELR	10
PAERA	17
PAERL	15
PAERR	10
PAGAA	22
PAGAL	15
PAGEA	11
PAGEY	10
PAGLA	20
PAGLG	12
PAGLL	12
PAGLS	10
PAGQP	11
PAGRL	16
PAGTL	12
PAHKV	16
PAIAA	11
PAIAR	11
PAILA	12
PALAA	36
PALAD	12
PALAE	24
PALAG	17
PALAL	22
PALAP	16
PALAR	17
PALAS	10
PALEA	10
PALID	10
PALLA	33
PALLE	15
PALLG	15
PALLL	20
PALLR	16
PALPA	17
PALPR	12
PALRA	10
PALRE	23
PALRR	10
PALSL	11
PALTA	12
PALVA	13
PALVL	10
PAPAA	32
PAPAG	11
PAPAP	26
PAPAS	11
PAPEG	14
PAPLA	12
PAPLL	14
PAPLP	15
PAPPA	14
PAPVA	10
PAQAA	11
PAQAL	10
PARAA	14
PARAL	14
PARIG	10
PARLA	13
PARLE	10
PARLL	11
PARPA	12
PARQA	13
PARQL	11
PARRA	10
PARRE	11
PARRL	13
PASAL	10
PASEL	10
PASLA	10
PASLL	13
PASQP	12
PATLA	10
PATSS	12
PAVAA	16
PAVEA	11
PAVLA	15
PAVLE	11
PAVLL	13
PAVRE	12
PAWLA	10
PDAAQ	10
PDALA	11
PDEAL	14
PDGTG	11
PDGTP	10
PDLAA	10
PDLAG	11
PDLIL	11
PDLLL	11
PDLNP	13
PDLTL	13
PDRDG	11
PDSAL	11
PDSPL	11
PDYMV	11
PEAAA	13
PEAAR	10
PEAIE	10
PEALA	16
PEALL	14
PEALQ	10
PEALR	16
PEARA	11
PEAVA	16
PEELA	10
PEGHA	10
PEGLL	10
PEGVE	12
PELAA	17
PELAE	12
PELAR	18
PELLA	13
PELPV	10
PELRA	10
PELTP	15
PEPLP	10
PEQAK	10
PEQVA	10
PERFA	12
PERLA	12
PERLL	12
PERVR	10
PEVAA	11
PEVLA	11
PEVLL	11
PFELF	11
PGAGG	10
PGALL	16
PGASL	12
PGATL	13
PGDIV	20
PGDVL	11
PGERL	14
PGEVL	10
PGGAL	13
PGGEL	13
PGGRL	11
PGHPG	10
PGLAL	11
PGLLA	15
PGLRL	15
PGLTL	11
PGLVL	10
PGNVR	18
PGQPL	10
PGRDT	11
PGRLL	12
PGSAA	12
PGTGL	12
PGTIA	11
PGVAL	10
PGVGK	10
PIALA	10
PIEMA	13
PKASG	13
PKHGS	10
PKPDG	10
PLAAA	21
PLAAG	12
PLAAL	36
PLAAP	10
PLAAR	11
PLAAV	15
PLADG	11
PLAEA	18
PLAEL	19
PLAER	18
PLAEV	10
PLAGA	21
PLAGG	10
PLAGL	20
PLAGR	12
PLALA	22
PLALF	12
PLALG	13
PLALI	11
PLALL	37
PLALP	17
PLALS	10
PLALV	11
PLARA	14
PLARL	17
PLASE	10
PLAVA	10
PLAVL	15
PLDEA	14
PLDPE	13
PLEAV	17
PLERL	18
PLFLL	12
PLGAL	20
PLGEL	10
PLGRL	11
PLLAA	26
PLLAE	20
PLLAG	19
PLLAL	26
PLLAQ	11
PLLAR	18
PLLAS	10
PLLAV	13
PLLDA	12
PLLDR	14
PLLEA	14
PLLEG	10
PLLEL	11
PLLER	17
PLLGA	10
PLLGE	15
PLLGL	11
PLLLA	32
PLLLD	13
PLLLG	21
PLLLL	30
PLLLS	10
PLLLV	14
PLLPA	11
PLLRA	20
PLLRG	11
PLLRL	13
PLLRR	14
PLLRV	12
PLLSG	10
PLLSV	11
PLLTA	11
PLLVA	10
PLLVG	12
PLLVL	13
PLPAA	13
PLPAD	11
PLPAE	11
PLPAG	15
PLPAL	11
PLPEL	11
PLPEP	13
PLPGV	11
PLPLA	10
PLPLP	14
PLPPG	10
PLRAL	10
PLREA	11
PLRER	23
PLRGL	10
PLRLA	15
PLRLE	10
PLRLG	11
PLRLL	17
PLRLP	10
PLRVL	11
PLSAL	12
PLSGE	11
PLSGR	13
PLSPL	11
PLTLA	13
PLTLL	14
PLTVL	10
PLVLA	11
PLVLD	15
PLVLV	10
PNGAG	12
PPAAA	13
PPAAG	11
PPAAP	11
PPALA	12
PPALL	11
PPAPA	17
PPAPL	11
PPKAS	11
PPLAA	14
PPLAL	11
PPLRE	17
PPPPP	12
PPYSP	19
PQALA	10
PQALR	10
PQERA	12
PQIEV	12
PQLLA	11
PQLWQ	10
PQNLA	10
PRDAA	11
PRERL	13
PRGLR	10
PRKTS	12
PRLAA	15
PRLAE	17
PRLAG	15
PRLLA	16
PRLLE	11
PRLLL	16
PRLLR	10
PRLLV	11
PRLRA	10
PRPSR	10
PRQAL	10
PRQLI	10
PRREY	10
PRVLA	10
PSGCG	10
PSLAA	10
PSLEA	10
PSLLL	11
PSPAA	10
PSVAA	15
PTGSG	10
PTLLA	11
PTLLL	12
PVAAA	10
PVAAL	12
PVAER	10
PVAGR	10
PVAIR	11
PVALA	12
PVALL	10
PVFLA	18
PVGAA	10
PVGFG	17
PVGSL	16
PVLAA	12
PVLLG	10
PVLLL	20
PVPAG	10
PVSLA	10
PVVCM	10
PVVLL	11
PVVPP	11
PYDEG	10
PYSPD	16
QAAAA	21
QAAAE	11
QAAAG	10
QAAAL	12
QAAAR	11
QAADA	10
QAAER	21
QAAGA	13
QAAGL	12
QAAID	16
QAALA	26
QAALD	12
QAALE	11
QAALG	16
QAALL	20
QAAPG	10
QAARA	13
QAARE	10
QAARL	10
QAARQ	10
QAASL	10
QADGG	10
QADLA	13
QAEAA	10
QAEAL	17
QAELA	13
QAELD	11
QAELL	12
QAELV	10
QAERL	15
QAFLA	10
QAGAA	13
QAGAS	10
QAGLL	11
QAGQA	13
QAIAR	11
QAIEG	17
QAIER	11
QAKAL	12
QAKLL	11
QALAA	23
QALAD	16
QALAE	27
QALAG	16
QALAL	17
QALAR	25
QALDA	10
QALDL	10
QALEA	26
QALEL	10
QALER	11
QALFR	10
QALGA	12
QALGL	12
QALGV	10
QALIR	10
QALLA	27
QALLD	11
QALLE	18
QALLG	17
QALLL	10
QALLQ	12
QALLR	10
QALQA	12
QALQR	10
QALRA	14
QALRD	10
QALRE	19
QALRR	17
QALVA	13
QALVE	11
QAPAL	10
QAQRL	11
QARAA	14
QAREA	10
QARLL	14
QARQA	12
QARRL	11
QASLA	10
QAVAA	11
QAVAE	14
QAVAR	15
QAVEI	11
QAVRD	12
QAVRR	12
QCLDR	10
QCRNQ	10
QDARV	12
QDCRH	15
QDQGP	11
QEGLE	13
QELEA	10
QELLA	11
QELLD	13
QELTS	10
QERAR	14
QEREA	11
QFSAQ	15
QFTTQ	10
QGEAP	11
QGFIL	10
QGKPR	10
QGLAE	10
QGLAL	11
QGLRA	11
QGPRK	11
QGRGF	10
QGRLL	11
QGRLR	10
QGRRL	10
QIAQM	10
QIDLR	10
QIEVC	10
QKAAE	13
QLAAA	11
QLAAL	26
QLAAR	12
QLAAY	12
QLAEL	14
QLAEQ	12
QLAER	13
QLAGE	14
QLAGL	14
QLALA	12
QLAPL	12
QLAQL	12
QLARE	10
QLARL	18
QLASL	10
QLAVE	10
QLDAK	10
QLDAL	15
QLEGL	10
QLERL	10
QLGAA	10
QLGAL	11
QLGEL	10
QLGLA	10
QLGLP	15
QLIRQ	14
QLKAL	13
QLLAD	15
QLLAG	12
QLLAL	14
QLLAQ	10
QLLAR	13
QLLDR	12
QLLEA	13
QLLEG	10
QLLER	19
QLLLA	11
QLLRE	11
QLRAA	12
QLRAL	15
QLREA	11
QLREL	10
QLSGG	20
QLTEL	12
QLVEA	11
QLVER	13
QLWQS	10
QMLGV	10
QPASQ	12
QPLAA	13
QPPAP	10
QQAGQ	10
QQALA	11
QQALL	15
QQCRN	10
QQLLD	11
QQRVA	10
QQVAA	10
QRAAA	15
QRAGL	10
QRALA	17
QRELA	12
QRIAA	14
QRKID	11
QRLAA	16
QRLAD	16
QRLAE	20
QRLAG	15
QRLAR	21
QRLEA	10
QRLER	10
QRLGL	17
QRLIA	10
QRLLA	16
QRLLD	12
QRLLE	11
QRLLL	14
QRLRA	12
QRLRD	12
QRLRE	14
QRLRL	11
QRLVR	11
QRPDV	10
QRQRL	13
QRRLA	12
QRRRL	10
QRVAI	16
QRVAL	11
QSGPL	10
QSIGE	18
QTLLA	10
QTVTV	12
QVAAA	13
QVAEA	11
QVAER	12
QVARA	10
QVARR	10
QVINA	10
QVKIR	12
QVLAD	10
QVLAE	16
QVLDG	10
QVLDV	11
QVLVP	16
QVREP	11
QVVAA	11
RAAAA	26
RAAAE	20
RAAAL	18
RAAAP	12
RAAAQ	14
RAAAR	16
RAADL	11
RAAEA	27
RAAEE	12
RAAEL	22
RAAEQ	14
RAAER	24
RAAGA	14
RAAGE	11
RAAGF	10
RAAGG	13
RAAGI	11
RAAGK	10
RAAGL	27
RAAGR	13
RAAGV	17
RAAIA	12
RAAIE	13
RAALA	39
RAALD	20
RAALE	20
RAALG	18
RAALK	11
RAALL	18
RAALP	10
RAALQ	11
RAALR	17
RAAQA	18
RAAQL	11
RAARA	18
RAARE	16
RAARL	12
RAARR	14
RAASA	10
RAASL	13
RAAVA	15
RAAVE	23
RAAVR	13
RADLL	10
RAEAE	11
RAEAL	20
RAEAR	10
RAEAV	11
RAEGL	10
RAELA	14
RAELE	12
RAELL	12
RAELR	13
RAERL	13
RAFAA	11
RAFAR	11
RAFLD	10
RAGAA	11
RAGAG	13
RAGAL	10
RAGAV	10
RAGDI	10
RAGEL	10
RAGEQ	11
RAGER	15
RAGGA	11
RAGGV	10
RAGLA	25
RAGLE	14
RAGLL	16
RAGLP	12
RAGLR	10
RAGLV	17
RAGRA	12
RAGRL	14
RAIAA	19
RAIAE	17
RAIAR	13
RAILA	10
RALAA	43
RALAD	14
RALAE	43
RALAG	20
RALAL	20
RALAP	10
RALAR	23
RALAS	10
RALAV	14
RALDA	15
RALDL	11
RALDR	10
RALEA	20
RALEE	18
RALEL	21
RALER	19
RALFE	13
RALGA	24
RALGE	11
RALGG	16
RALGL	26
RALGR	10
RALGV	17
RALGY	11
RALIA	12
RALIE	16
RALKK	12
RALLA	39
RALLD	18
RALLE	25
RALLG	25
RALLK	10
RALLL	13
RALLQ	11
RALLR	22
RALPA	15
RALPE	14
RALPG	13
RALPL	11
RALQA	12
RALRA	22
RALRE	19
RALRL	16
RALSA	10
RAQLA	12
RAQLE	10
RARAA	26
RARAL	20
RAREA	12
RARGL	10
RARIA	10
RARLA	27
RARLD	10
RARLE	11
RARLG	17
RARLL	22
RARLQ	20
RARLR	13
RARLV	10
RARQA	14
RARQL	13
RARRA	11
RARRE	11
RARRG	10
RARRL	11
RARTA	12
RARVA	14
RARVE	15
RARVL	11
RASGL	11
RASGR	11
RASRL	10
RATLE	12
RAVAA	12
RAVAD	10
RAVAG	14
RAVEL	21
RAVKE	10
RAVLA	18
RAVLE	15
RAVLL	13
RAVLR	11
RAWLA	15
RCVQE	11
RDAEA	12
RDAGL	11
RDALA	17
RDALE	12
RDALL	12
RDALR	13
RDATL	11
RDGAL	12
RDGEA	11
RDGLL	10
RDGRL	14
RDGSR	13
RDGTL	12
RDGVL	10
RDLAL	10
RDLAR	10
RDLAV	10
RDLLA	15
RDLLL	17
RDLLR	10
RDLLS	13
RDLTL	12
RDRFE	10
RDRLG	10
RDRLL	15
RDSVA	12
RDTLT	11
RDTST	12
REAAE	11
REAAG	17
REAAL	17
REAAR	18
REAFA	11
REAGL	16
REAGV	16
REALA	30
REALE	29
REALG	13
REALL	18
REALQ	11
REALR	18
REALS	11
REALV	11
REARR	14
REAVA	11
REAVE	11
REAVL	12
REAVR	10
REAVV	14
REDLY	10
REDSH	13
REEAE	11
REELA	10
REELR	11
REGGE	13
REGGG	10
REGIE	10
RELAA	24
RELAE	17
RELAG	17
RELAK	14
RELAR	21
RELAV	10
RELDA	10
RELDL	10
RELEA	12
RELEN	14
RELFA	12
RELGA	12
RELGI	11
RELGL	23
RELGV	13
RELLA	22
RELLD	21
RELLE	16
RELLG	13
RELLL	14
RELLP	16
RELLR	18
RELRV	13
RELSL	14
RELVA	11
REPLE	13
REQLL	21
RERAA	14
RERAL	11
RERAR	14
RERFA	16
RERGA	11
RERGL	12
RERGV	15
RERIA	14
RERLA	39
RERLE	14
RERLF	14
RERLG	17
RERLL	20
RERLP	11
RERLQ	16
RERLR	20
RERLV	12
RERRA	10
RERRE	10
RERRL	15
RERVA	10
RETGE	11
RETLA	11
RETPQ	12
REVAA	15
REVAR	16
REVRR	12
REYAR	13
RFAAA	11
RFAAL	15
RFADG	12
RFAGL	12
RFARL	10
RFDGT	11
RFDLA	10
RFEAL	12
RFEFV	10
RFEIA	16
RFGLA	11
RFLAA	11
RFLLG	12
RFSAR	10
RFSLR	10
RFVPD	10
RGAAL	10
RGALA	14
RGALD	10
RGALL	13
RGARL	19
RGDLG	10
RGEIA	11
RGELA	15
RGELK	13
RGELL	14
RGEPA	10
RGERL	13
RGFAV	13
RGFRI	12
RGGAG	12
RGLAA	10
RGLAE	11
RGLAL	11
RGLDL	11
RGLEA	11
RGLEL	13
RGLEV	12
RGLGL	11
RGLLA	14
RGLLE	10
RGLLG	14
RGLLL	16
RGLLS	14
RGLLV	13
RGLPL	13
RGLRA	14
RGLRL	20
RGLSL	10
RGNVR	10
RGRAL	13
RGRGL	10
RGRLS	11
RGRPL	10
RGVRL	12
RGVRV	15
RHGFN	10
RHGLR	10
RHRLL	10
RHYFE	15
RIAAA	11
RIAAI	14
RIAAL	15
RIAAV	13
RIAEA	16
RIAEE	11
RIAEL	17
RIAGA	10
RIALA	11
RIASL	10
RIATL	13
RIDAL	14
RIDLL	11
RIDLS	23
RIDPA	12
RIDSL	17
RIEAI	11
RIEAL	10
RIEEA	12
RIELG	19
RIEVL	11
RIGEL	13
RIGVS	10
RIILS	11
RILAA	14
RILAE	15
RILLL	11
RIREA	11
RIREL	11
RIRLA	11
RIRQL	10
RIRSR	10
RIVAA	13
RIVEL	13
RIVRV	11
RKAAA	20
RKAAE	11
RKALP	11
RKEVA	10
RKIDG	11
RKIDN	11
RKKPR	11
RKTSA	10
RLAAA	32
RLAAD	17
RLAAE	29
RLAAG	28
RLAAL	48
RLAAQ	11
RLAAR	33
RLAAS	15
RLAAV	12
RLADA	14
RLADG	15
RLADL	21
RLADR	12
RLADS	11
RLAEA	36
RLAEE	19
RLAEG	18
RLAEH	12
RLAEL	40
RLAER	37
RLAEV	12
RLAGA	24
RLAGE	34
RLAGG	16
RLAGH	10
RLAGI	12
RLAGL	29
RLAGR	18
RLAGS	13
RLAGV	11
RLAIA	12
RLAKL	11
RLALA	27
RLALD	13
RLALE	14
RLALG	18
RLALL	23
RLALP	10
RLALR	10
RLALS	10
RLAPA	12
RLAPE	11
RLAPG	10
RLAPL	15
RLAQA	24
RLAQR	12
RLARA	23
RLARD	12
RLARE	26
RLARG	17
RLARH	15
RLARL	34
RLARQ	14
RLARR	11
RLASA	10
RLASG	10
RLASL	13
RLATL	14
RLAVA	19
RLAVE	11
RLAVG	10
RLAVL	16
RLDAA	18
RLDAE	13
RLDAG	12
RLDAL	20
RLDAR	13
RLDDA	10
RLDDL	14
RLDEA	13
RLDEL	13
RLDER	13
RLDGA	16
RLDGG	17
RLDGL	21
RLDGR	16
RLDLA	17
RLDLD	10
RLDLE	10
RLDLL	12
RLDLR	11
RLDLS	15
RLDPA	12
RLDRA	12
RLDRL	14
RLDSG	12
RLDVA	10
RLEAA	15
RLEAD	11
RLEAG	17
RLEAL	30
RLEAR	13
RLEEL	18
RLEIA	10
RLELA	10
RLELL	17
RLELP	10
RLEPG	10
RLEQA	15
RLEQL	11
RLERD	10
RLERE	12
RLERL	27
RLERR	11
RLFAG	10
RLFAR	11
RLFDL	11
RLFER	12
RLFLA	12
RLFRE	10
RLGAA	12
RLGAG	12
RLGAL	26
RLGAR	16
RLGAV	11
RLGDE	10
RLGEA	20
RLGEL	22
RLGER	15
RLGFA	14
RLGGD	12
RLGGE	11
RLGIA	12
RLGIG	11
RLGIR	12
RLGKL	11
RLGLA	31
RLGLD	13
RLGLE	12
RLGLG	17
RLGLL	17
RLGLP	21
RLGLR	13
RLGLS	20
RLGLT	14
RLGNE	16
RLGPL	10
RLGQA	11
RLGRR	12
RLGTL	12
RLGVA	10
RLGVP	13
RLGVR	21
RLGVS	14
RLGYR	11
RLIAA	16
RLIAE	10
RLIAG	11
RLIAL	18
RLIEA	10
RLIEL	17
RLIER	14
RLIGL	10
RLILL	10
RLIRA	15
RLIRL	11
RLKAL	15
RLKGA	12
RLLAA	44
RLLAD	21
RLLAE	53
RLLAG	36
RLLAL	41
RLLAP	10
RLLAQ	12
RLLAR	22
RLLAS	19
RLLAT	13
RLLAV	15
RLLDA	20
RLLDE	20
RLLDG	17
RLLDR	15
RLLEA	30
RLLEE	22
RLLEG	13
RLLEL	26
RLLEM	10
RLLEQ	13
RLLER	32
RLLES	10
RLLEV	10
RLLFD	10
RLLGA	26
RLLGD	12
RLLGE	22
RLLGG	13
RLLGI	11
RLLGL	18
RLLGP	14
RLLGR	13
RLLGS	14
RLLGV	19
RLLIA	12
RLLID	11
RLLLA	35
RLLLD	14
RLLLE	29
RLLLG	12
RLLLL	17
RLLLP	15
RLLLR	15
RLLLT	10
RLLLV	26
RLLPA	17
RLLPD	12
RLLPG	10
RLLPL	14
RLLPQ	24
RLLPV	14
RLLQA	15
RLLQE	15
RLLQG	12
RLLQL	13
RLLQR	12
RLLRA	11
RLLRD	12
RLLRE	29
RLLRG	16
RLLRL	13
RLLRQ	11
RLLRR	12
RLLSL	10
RLLVA	10
RLLVE	12
RLLVG	10
RLLVL	22
RLLVR	11
RLLVV	11
RLNAD	18
RLNAS	12
RLPAA	13
RLPAE	13
RLPAG	19
RLPAL	17
RLPAP	12
RLPDA	11
RLPEL	15
RLPGA	13
RLPGL	12
RLPGR	13
RLPLD	10
RLPLL	23
RLPLT	16
RLPSA	10
RLPVL	10
RLQAA	16
RLQAE	10
RLQAL	17
RLQAR	11
RLQDL	10
RLQEL	18
RLQGE	10
RLQGL	12
RLQLA	10
RLQQL	15
RLQRL	13
RLRAA	29
RLRAD	10
RLRAE	15
RLRAL	21
RLRAR	15
RLRAV	11
RLRDA	13
RLRDE	13
RLREA	19
RLREE	20
RLREL	34
RLREQ	11
RLRER	24
RLRGA	10
RLRGE	13
RLRGL	12
RLRGR	11
RLRGS	12
RLRKA	10
RLRLA	17
RLRLD	10
RLRLL	14
RLRLP	17
RLRLR	13
RLRLT	11
RLRPA	13
RLRPG	12
RLRPL	16
RLRQA	18
RLRQL	27
RLRQR	11
RLRQV	10
RLRRA	16
RLRRE	28
RLRRL	23
RLRRR	12
RLRRS	12
RLRSL	12
RLRSR	11
RLRTL	10
RLRVA	12
RLSAA	14
RLSAD	11
RLSAL	12
RLSAR	13
RLSGA	11
RLSGE	11
RLSGG	16
RLSGL	12
RLSLA	16
RLSLD	10
RLSLL	17
RLSRL	17
RLTAL	13
RLTGG	12
RLTLA	11
RLTRL	11
RLVAA	17
RLVAE	18
RLVAG	17
RLVAL	20
RLVAV	12
RLVEA	18
RLVER	11
RLVGL	10
RLVLA	10
RLVLD	12
RLVLL	15
RLVLT	16
RLVQA	11
RLVRA	11
RLVRE	11
RLVRR	11
RLVVD	10
RLYRE	10
RLYRL	13
RMAAL	11
RNQLD	11
RPAAA	13
RPAAE	10
RPAAL	10
RPADA	11
RPAEL	13
RPAGA	11
RPALL	16
RPAPL	12
RPELL	11
RPGAP	11
RPGDI	13
RPGGA	10
RPGQA	12
RPLAA	16
RPLAE	19
RPLAL	13
RPLAV	12
RPLGG	10
RPLLA	16
RPLLE	18
RPLLL	14
RPLLR	10
RPLLV	13
RPLPA	11
RPLPG	11
RPLRL	11
RPLSL	10
RPQAL	10
RPRPA	10
RPSLA	13
RPSRA	10
RPYDE	10
RQAAA	10
RQAAE	20
RQAAR	14
RQAEA	12
RQAEL	12
RQAFA	12
RQAGA	15
RQAGI	10
RQAGL	11
RQAIE	23
RQALA	23
RQALD	12
RQALE	29
RQALG	16
RQALL	18
RQALR	14
RQARE	16
RQARV	11
RQAVA	13
RQAVE	15
RQGGG	12
RQGKP	11
RQGLA	10
RQGLR	12
RQLAA	26
RQLAE	19
RQLAG	15
RQLAR	15
RQLEE	10
RQLER	11
RQLGL	11
RQLIR	14
RQLLA	19
RQLLD	13
RQLLE	20
RQLLL	13
RQLLR	16
RQLQA	15
RQLRE	10
RQRLA	14
RQRLE	16
RQRLL	17
RQRLQ	10
RQRLR	11
RQRVA	12
RQTGL	11
RQVAR	12
RQVLA	12
RQVLD	12
RQVRE	16
RRAAA	14
RRAAE	21
RRAAG	12
RRAAL	12
RRAAQ	13
RRAEE	10
RRAER	10
RRAGA	11
RRAGE	11
RRAGG	10
RRAGL	16
RRAGR	11
RRALA	22
RRALE	18
RRALG	11
RRALK	15
RRALL	20
RRALP	12
RRALR	15
RRARE	12
RRARV	11
RRAVE	11
RRCVQ	10
RRDLA	10
RREAL	16
RREGV	10
RRELA	12
RRELL	14
RRELR	14
RRERL	10
RREYA	12
RRFAE	10
RRFAL	15
RRFEI	11
RRFGD	10
RRFRE	13
RRGEL	12
RRGGR	10
RRGLL	13
RRGLR	10
RRHLL	10
RRHST	10
RRIAA	14
RRIAL	11
RRIDS	12
RRIVA	10
RRLAA	27
RRLAD	11
RRLAE	33
RRLAG	26
RRLAL	16
RRLAP	16
RRLAQ	10
RRLAR	21
RRLAV	16
RRLDA	13
RRLDE	18
RRLDL	16
RRLEA	17
RRLEL	10
RRLER	16
RRLGA	17
RRLGE	12
RRLGI	12
RRLGL	33
RRLID	12
RRLIE	13
RRLKA	14
RRLLA	36
RRLLD	18
RRLLE	23
RRLLG	28
RRLLL	28
RRLLR	15
RRLLV	11
RRLPA	20
RRLPG	12
RRLPL	16
RRLQA	13
RRLQD	14
RRLRA	19
RRLRD	15
RRLRE	15
RRLRL	13
RRLRQ	11
RRLRR	14
RRLVA	14
RRLVE	12
RRPEL	11
RRPLL	18
RRQAL	16
RRQGK	12
RRQGL	15
RRQLE	11
RRQLL	11
RRQRL	11
RRRAA	11
RRRAE	12
RRRAL	11
RRREL	10
RRRFL	11
RRRLA	18
RRRLE	12
RRRLL	22
RRRLP	11
RRRLQ	11
RRRLR	11
RRRRR	10
RRRVL	12
RRSAL	10
RRSGG	11
RRSLA	11
RRSLE	12
RRSLL	11
RRVAA	10
RRVAE	15
RRVAL	14
RRVAR	15
RRVLA	18
RRVLL	17
RRVLR	10
RSAAG	15
RSAAL	12
RSAEA	11
RSALL	14
RSGAP	11
RSILA	11
RSLAA	15
RSLAD	14
RSLAE	11
RSLAL	12
RSLGE	12
RSLGL	12
RSLKA	15
RSLLE	13
RSLLL	16
RSLPQ	10
RSLRL	14
RSLSL	11
RSLTL	10
RSLYP	11
RSQDQ	11
RSREL	10
RSVLE	10
RTAAL	11
RTAAS	11
RTALA	11
RTDSA	12
RTDSG	10
RTGDL	11
RTLAA	16
RTLAD	14
RTLAE	11
RTLAL	11
RTLEE	10
RTLER	10
RTLGA	13
RTLLA	16
RTLLL	11
RTLLV	10
RTLRR	10
RTRLL	13
RTSRQ	10
RTVPQ	11
RTYLK	31
RVAAA	12
RVAAF	10
RVAAG	14
RVAAL	19
RVAEL	14
RVAER	11
RVAIA	21
RVALA	16
RVALF	10
RVALG	12
RVALL	14
RVARE	12
RVARL	12
RVAVL	11
RVDLA	11
RVELA	10
RVERI	10
RVERL	11
RVGAL	11
RVGLG	10
RVGLT	12
RVGVT	10
RVIAA	10
RVKLR	10
RVLAA	21
RVLAE	14
RVLAG	10
RVLAR	15
RVLDA	11
RVLDL	12
RVLEL	10
RVLER	12
RVLGE	12
RVLGI	10
RVLGL	12
RVLIL	11
RVLLA	15
RVLLE	19
RVLLL	17
RVLLV	10
RVLPG	11
RVLQE	13
RVLVA	12
RVLVL	12
RVPGA	10
RVQAL	11
RVRAA	11
RVRAL	12
RVREA	10
RVREL	14
RVRLR	10
RVRQA	11
RVSLA	15
RVVEL	15
RVVLA	10
RVVLE	14
RWTLK	10
RYADD	11
RYLPP	15
RYLRE	10
RYSGQ	10
SAAAA	19
SAAAE	13
SAAAG	12
SAAAL	15
SAAAR	15
SAAAV	11
SAADA	11
SAADL	12
SAAEA	13
SAAEL	18
SAAGL	11
SAAGT	12
SAAGV	10
SAALA	23
SAALG	10
SAALL	24
SAALR	10
SAAPA	12
SAAQA	11
SAAQL	11
SAARA	15
SAARL	10
SAASL	18
SAAVA	10
SADLR	10
SAEAA	10
SAEAL	15
SAEAR	10
SAEEL	14
SAELA	12
SAEQQ	10
SAERL	15
SAFVA	10
SAGAV	11
SAGVA	12
SAGVD	10
SALAA	18
SALAD	10
SALAE	12
SALAG	19
SALAL	20
SALAP	22
SALDA	12
SALDR	10
SALER	12
SALGA	11
SALGF	30
SALGL	14
SALKA	11
SALLA	20
SALLE	12
SALLG	15
SALLL	18
SALSA	11
SALVA	12
SALVL	13
SAPAA	14
SAPLV	13
SAQDC	15
SAQIA	13
SARED	10
SARLA	14
SARLL	14
SARQA	10
SARRA	15
SARRL	10
SASAA	11
SASAL	13
SASGR	11
SASLA	17
SASLG	10
SASLL	11
SATLA	10
SATLN	10
SAVLA	15
SCGPA	11
SDEEL	10
SDLLL	10
SDLTL	12
SEAAV	10
SEAEA	11
SEAEI	12
SEAEL	12
SEAGR	13
SEALL	13
SEALR	10
SEARL	13
SEELA	12
SELAL	10
SELFG	20
SELRE	10
SERLA	10
SETLE	11
SETVR	10
SFSRP	10
SGAAA	11
SGAAL	16
SGAGL	10
SGARL	10
SGASA	12
SGAVA	10
SGCGK	17
SGDLA	13
SGEAL	11
SGEFV	11
SGEVD	10
SGFTE	13
SGGAG	14
SGGAL	16
SGGEL	10
SGGER	14
SGGGG	11
SGGQR	15
SGKST	21
SGKTT	17
SGKVD	13
SGLAI	10
SGLAL	16
SGLAV	10
SGLGF	12
SGLLA	17
SGLLG	11
SGLLL	15
SGLLS	11
SGLLV	11
SGLPL	10
SGLSA	10
SGLTT	11
SGRAE	12
SGRLE	13
SGRLL	11
SGSGK	29
SGSLL	10
SGSTG	16
SGTGK	11
SGVAG	10
SGVGK	11
SGVLA	12
SGYTE	11
SIAAL	15
SIALA	10
SIEAL	10
SIGEA	19
SIGGL	11
SIGLA	10
SKATL	10
SKGRT	10
SKLKA	19
SLAAA	28
SLAAE	13
SLAAF	10
SLAAL	32
SLAAS	10
SLAAT	11
SLAAV	13
SLADL	15
SLAEL	21
SLAER	12
SLAGA	19
SLAGG	11
SLAGH	11
SLAGL	23
SLAGM	10
SLAGR	10
SLALA	25
SLALG	14
SLALL	22
SLALV	16
SLARA	10
SLARL	15
SLASA	14
SLASL	14
SLATA	16
SLATL	13
SLATV	14
SLAVA	11
SLAVG	12
SLAVL	19
SLDAA	11
SLDDL	13
SLDEA	13
SLDEL	18
SLEAA	15
SLEAL	12
SLEAR	10
SLEQA	11
SLERL	13
SLERM	12
SLFAD	10
SLGAA	14
SLGAL	14
SLGEL	15
SLGLA	16
SLGLG	12
SLGLL	16
SLGLV	12
SLGRL	10
SLGVR	10
SLKAE	11
SLLAA	28
SLLAG	17
SLLAL	29
SLLAS	10
SLLAT	13
SLLAV	11
SLLEA	10
SLLEG	10
SLLER	10
SLLES	10
SLLGA	13
SLLGL	12
SLLGS	12
SLLLA	29
SLLLG	24
SLLLL	17
SLLLR	11
SLLLT	11
SLLLV	10
SLLPL	10
SLLRL	14
SLLSA	13
SLLVF	11
SLLVG	21
SLPAA	10
SLPAG	10
SLPAL	12
SLPLA	14
SLPLL	12
SLPLV	13
SLPVA	18
SLRAA	12
SLREL	13
SLRLA	13
SLRLR	11
SLRLS	11
SLRRA	12
SLRRL	20
SLSAA	13
SLSGG	12
SLSLA	13
SLSLL	16
SLSSE	13
SLSVL	11
SLTEL	10
SLTLT	10
SLVAA	11
SLVLA	14
SLVLL	11
SLYET	10
SLYPQ	10
SNGRT	11
SNPLR	10
SPAAA	15
SPAAL	13
SPALL	14
SPALP	11
SPDLN	16
SPEAL	10
SPLLA	16
SPLLL	10
SPLRL	10
SPQER	13
SQALA	10
SQALE	10
SQDQG	11
SQPAS	14
SQRKI	11
SQVIN	10
SRAGL	10
SRALA	10
SRALL	13
SREAL	16
SRELL	18
SRERL	11
SRGAR	12
SRGEL	10
SRLAA	10
SRLAL	12
SRLDE	10
SRLGL	14
SRLLA	22
SRLLE	15
SRLLG	10
SRLLL	13
SRPYD	10
SRRAL	10
SRRLL	11
SRRLQ	11
SRSAA	10
SRSSP	11
SRVAL	10
SSETV	10
SSLLA	15
SSLLL	10
SSLPA	10
SSPVS	11
SSRGA	11
STAAA	10
STLLR	18
STSAL	11
SVAAA	15
SVAAL	17
SVAEL	13
SVALA	16
SVALL	11
SVALV	10
SVARL	11
SVEAA	10
SVERL	10
SVLAL	10
SVLLA	11
SVLLL	10
SVLLR	10
SVLVR	13
SVSGL	11
SWLNM	10
SYRTD	10
SYTPG	10
TAAAA	12
TAAAL	23
TAAAS	11
TAAAT	11
TAADL	17
TAAGA	10
TAAIL	11
TAALA	13
TAALL	14
TAASQ	10
TAATL	12
TAAVL	11
TADGR	11
TADLL	10
TAEAL	11
TAELA	12
TAERF	13
TAGAA	10
TAGLR	10
TAGRL	10
TAIRA	10
TALAA	16
TALAG	10
TALAL	16
TALGA	10
TALLA	21
TALLG	15
TALLL	17
TALRR	11
TALVG	10
TALVL	13
TALVS	11
TARAA	12
TARAL	10
TARRL	10
TASLA	10
TASLL	10
TATAI	12
TATAL	12
TATRL	10
TAVLA	12
TDLRY	10
TDRID	10
TDSAS	10
TEARL	12
TEGPV	12
TFMPE	10
TFRFS	10
TGAAG	10
TGAGA	10
TGAGG	10
TGAGS	12
TGALA	10
TGALS	12
TGDLA	14
TGELL	10
TGFAL	14
TGGAG	18
TGGSG	11
TGGTG	10
TGKEL	12
TGKLR	10
TGLAL	11
TGLGD	16
TGLGL	17
TGLGN	11
TGLLA	10
TGLLG	14
TGLLL	14
TGLSA	10
TGLSG	10
TGSGK	22
TGTGK	11
TGTLT	13
TGVGK	13
TGVGL	13
THSAA	12
TIADL	10
TLAAA	16
TLAAG	11
TLAAI	10
TLAAL	32
TLAAR	15
TLAEA	11
TLAEL	23
TLAGA	10
TLAGG	13
TLAGL	14
TLAIL	10
TLALA	16
TLALD	11
TLALG	16
TLALI	11
TLALL	25
TLALQ	10
TLALS	10
TLALT	13
TLALV	13
TLAQL	11
TLARL	24
TLASL	12
TLATL	12
TLAVA	14
TLAVL	12
TLAVT	12
TLAVV	10
TLDAL	17
TLDEA	13
TLDEL	17
TLDGL	11
TLDGN	11
TLEAL	17
TLEEA	12
TLEEV	13
TLELL	10
TLEQA	13
TLEQL	11
TLERE	12
TLERL	11
TLFLD	21
TLGAL	10
TLGEL	10
TLGGL	15
TLGLL	11
TLGLS	10
TLGRL	16
TLGSL	11
TLIGG	12
TLKLL	14
TLLAA	12
TLLAE	13
TLLAG	21
TLLAL	15
TLLAR	13
TLLAS	12
TLLAT	14
TLLDG	10
TLLEL	16
TLLER	17
TLLGL	22
TLLGV	13
TLLLA	17
TLLLG	15
TLLLL	17
TLLLP	10
TLLLS	14
TLLLV	12
TLLRL	16
TLLSA	11
TLLSL	13
TLLTL	11
TLLVA	13
TLLVG	11
TLPAA	11
TLPAG	14
TLPGL	10
TLPLL	10
TLQRL	10
TLREA	11
TLRLA	11
TLRNF	11
TLRNL	10
TLRQL	16
TLRSA	12
TLRYL	17
TLSGG	16
TLSLA	10
TLSLS	10
TLSVL	13
TLTAA	13
TLTAL	10
TLTGG	14
TLTLL	10
TLVER	11
TLVLA	14
TLVLL	12
TNSSR	10
TPAPA	10
TPDLT	10
TPEAL	10
TPEAV	14
TPEQL	13
TPERL	10
TPGDI	17
TPGTI	10
TPKHG	10
TPLAA	10
TPLAL	11
TPLLA	15
TPLLL	10
TPNGK	11
TPRQL	10
TPVTR	10
TQAAL	12
TQDAR	10
TRAAA	13
TRAAL	11
TRALA	10
TRELA	20
TRKLT	11
TRLAD	10
TRLAE	12
TRLLA	18
TRLLL	10
TRLLV	11
TRLRE	10
TRLVL	14
TRRLA	16
TRRLL	10
TRTYL	20
TSALA	15
TSALD	15
TSAQI	10
TSGST	20
TSGTT	10
TSKGR	10
TSTSA	10
TTGAG	11
TTLAA	12
TTLLR	10
TTQDA	10
TTYRL	10
TVAAA	14
TVALA	14
TVALI	10
TVATL	10
TVGAG	12
TVKAL	11
TVLAA	12
TVLKP	10
TVPQL	13
TVRRA	15
TVSAL	11
TVTVV	12
TVVTR	10
TVWTF	10
TYLKS	33
TYLRT	12
TYRLP	12
VAAAA	28
VAAAE	18
VAAAG	18
VAAAI	12
VAAAL	27
VAAAR	24
VAAAV	22
VAADG	16
VAAEA	12
VAAEL	13
VAAFA	13
VAAGA	18
VAAGD	10
VAAGL	18
VAAGR	19
VAAGS	11
VAAGV	13
VAAIP	10
VAALA	32
VAALE	13
VAALG	11
VAALL	47
VAALP	15
VAALQ	10
VAALR	13
VAALS	12
VAALT	12
VAALV	15
VAAME	10
VAAPA	12
VAARL	18
VAASA	14
VAAVA	22
VAAVL	11
VAAWQ	12
VADAL	14
VADLA	19
VAEAL	18
VAEEL	12
VAEGD	14
VAELR	12
VAELV	10
VAERL	21
VAEVL	12
VAEVR	10
VAEVV	10
VAGAA	18
VAGAD	10
VAGAL	13
VAGAR	10
VAGAT	11
VAGEV	10
VAGGA	11
VAGGI	10
VAGGL	11
VAGIA	10
VAGLA	19
VAGLG	16
VAGLL	22
VAGLP	13
VAGQL	10
VAGRL	14
VAGSL	12
VAGVL	15
VAGVR	25
VAGVV	11
VAIAR	17
VAIIG	15
VAILA	16
VAIVG	10
VALAA	31
VALAD	12
VALAE	15
VALAG	15
VALAL	24
VALAN	11
VALAR	22
VALAV	13
VALDA	13
VALDL	10
VALER	10
VALFR	11
VALGA	12
VALGG	13
VALGL	15
VALGR	10
VALIA	15
VALLA	23
VALLE	11
VALLG	22
VALLL	14
VALLS	10
VALLT	10
VALLV	12
VALRA	11
VALRR	10
VALSL	10
VALVA	10
VALVF	11
VALVG	13
VALVL	14
VALVT	14
VAMAL	10
VAMLA	10
VAPLL	12
VAQAA	11
VAQAL	10
VARAL	14
VAREL	14
VARGD	12
VARLA	20
VARLE	12
VARLG	12
VARLL	17
VARLR	15
VARQL	10
VARRL	22
VARRQ	12
VASGL	13
VASLA	11
VASLG	11
VASLL	10
VATLG	25
VATLL	11
VATLV	10
VAVAA	17
VAVLA	18
VAVLL	16
VAVLV	11
VAVVD	10
VAVVL	10
VAYGL	10
VAYGN	10
VCMDE	10
VDALA	11
VDALG	10
VDALL	15
VDALR	13
VDALV	10
VDAQG	11
VDEAL	12
VDELA	11
VDETA	10
VDGLD	10
VDGRL	10
VDGTL	10
VDLAA	11
VDLLA	10
VDRAL	10
VDRVL	10
VDSLS	11
VEAAA	10
VEAAG	10
VEAAL	23
VEAAR	22
VEAGA	12
VEALA	23
VEALG	11
VEALK	15
VEALL	16
VEALQ	11
VEALR	17
VEALV	10
VEEAV	10
VEELA	13
VEGIG	10
VEGLA	21
VEGRL	13
VEGTP	11
VELAA	11
VELAE	12
VELAG	10
VELAL	11
VELAR	14
VELDG	16
VELEY	10
VELLA	13
VELLD	10
VELLR	14
VELPE	10
VEPGE	10
VEPLE	10
VEQAG	13
VERAG	11
VERAL	14
VERIE	11
VERLA	20
VERLE	15
VERLG	12
VERLL	20
VERLR	16
VERVG	15
VERVR	10
VESGG	11
VEVLA	10
VEVLG	10
VFGAL	10
VFLAY	15
VFSRK	10
VFVAA	10
VGAAE	10
VGAAG	11
VGAAL	20
VGAAV	16
VGAFA	10
VGAGA	16
VGAGM	11
VGAGT	11
VGAGV	12
VGALA	15
VGALL	28
VGALS	12
VGALV	12
VGASA	14
VGAVL	10
VGDDL	11
VGDRV	10
VGDVI	12
VGEAL	12
VGELA	11
VGELS	10
VGFGL	15
VGGAA	10
VGGAG	17
VGGAL	16
VGGGL	11
VGGLA	10
VGGLL	16
VGGLV	19
VGGPL	13
VGGVA	12
VGGVL	10
VGIAL	14
VGIAV	11
VGIGG	13
VGKTT	11
VGLAA	13
VGLAD	10
VGLAG	18
VGLAL	18
VGLAR	13
VGLAV	11
VGLDA	11
VGLGA	15
VGLGL	12
VGLLA	25
VGLLG	11
VGLLL	27
VGLLP	10
VGLSG	10
VGLTD	10
VGMEH	10
VGQVL	15
VGRLG	12
VGRLV	10
VGSDL	12
VGSGA	10
VGTAT	13
VGVLA	13
VGVLL	11
VGVTG	10
VIAAL	12
VIAGA	11
VIALA	13
VIEAL	11
VIGAG	12
VIGAL	13
VIGGG	14
VILAA	10
VILAG	12
VINAL	14
VIRLN	10
VIYTS	12
VKIRG	11
VKLLR	12
VKLRS	11
VLAAA	23
VLAAG	23
VLAAL	32
VLAAN	10
VLAAQ	20
VLAAR	11
VLAAS	16
VLAAT	13
VLAAV	12
VLADE	10
VLADG	11
VLADL	14
VLAEA	17
VLAEL	15
VLAER	15
VLAEV	13
VLAGA	28
VLAGE	10
VLAGF	12
VLAGG	22
VLAGL	22
VLAGQ	13
VLAGV	15
VLAIG	13
VLAIL	10
VLALA	26
VLALG	13
VLALL	34
VLALP	13
VLALS	12
VLAPA	12
VLAQA	11
VLAQL	10
VLARD	10
VLARE	18
VLARL	16
VLASG	10
VLATG	12
VLAVA	10
VLAVL	15
VLDAA	15
VLDAL	15
VLDEA	13
VLDGA	20
VLDGD	11
VLDLA	10
VLDLL	12
VLDRL	12
VLDVY	11
VLEAA	10
VLEAG	12
VLEAL	20
VLELL	13
VLERL	20
VLERV	12
VLFLA	12
VLGAA	12
VLGAG	13
VLGAL	21
VLGER	10
VLGGA	10
VLGGG	12
VLGIA	13
VLGLA	13
VLGLD	10
VLGLG	11
VLGLL	27
VLGLR	10
VLGLT	12
VLGLV	14
VLGSL	10
VLGVL	20
VLIAA	11
VLILG	12
VLILL	11
VLKAL	14
VLKPS	12
VLKVE	11
VLLAA	24
VLLAG	18
VLLAL	32
VLLAQ	16
VLLAR	17
VLLAT	10
VLLAV	10
VLLDE	16
VLLEA	11
VLLEL	11
VLLES	12
VLLGA	18
VLLGG	19
VLLGL	29
VLLGV	11
VLLID	12
VLLIG	10
VLLLA	28
VLLLD	14
VLLLE	13
VLLLG	22
VLLLL	16
VLLLP	13
VLLLS	14
VLLLT	13
VLLLV	12
VLLPA	11
VLLPE	10
VLLPL	11
VLLQS	10
VLLRR	14
VLLSG	11
VLLTL	10
VLLVA	14
VLLVG	14
VLLVL	10
VLLVV	14
VLPAG	13
VLPAL	13
VLPGA	10
VLPLA	13
VLPLL	20
VLPVL	10
VLQAL	10
VLQQL	12
VLRAA	12
VLRAG	11
VLRAL	11
VLRPL	11
VLRRL	10
VLSAL	15
VLSLL	12
VLTAL	10
VLTGL	11
VLTLL	13
VLVAA	12
VLVAG	17
VLVAL	10
VLVDG	15
VLVGA	15
VLVGG	12
VLVGL	13
VLVLA	10
VLVLD	10
VLVLG	12
VLVPE	17
VLVRK	10
VLVTG	13
VLVVG	12
VLVVL	14
VMDNL	16
VNNAG	12
VPAAA	12
VPAAL	10
VPAGE	11
VPALA	10
VPALL	16
VPALR	11
VPDPA	10
VPELT	16
VPGAE	10
VPGHP	11
VPGLK	10
VPLAL	15
VPLDP	11
VPLGV	11
VPLLL	13
VPLLV	14
VPLVL	12
VPPLR	12
VPQLW	11
VPVSL	11
VPVVL	14
VQAAA	10
VQAAL	11
VQALA	10
VQARL	11
VQEGL	11
VQELL	11
VQRLL	10
VQRLR	10
VQSGP	14
VRAAE	11
VRAAL	16
VRAAQ	11
VRAGR	12
VRALA	11
VRALD	11
VRALE	12
VRALG	11
VRALL	13
VRARA	12
VRARP	10
VRDAA	10
VREAA	11
VREAL	15
VREAV	17
VRELA	12
VRELE	15
VRELL	12
VREPL	12
VRERL	16
VRERV	10
VRGLG	11
VRKKP	19
VRLAA	10
VRLAE	11
VRLAG	18
VRLGA	11
VRLLA	19
VRLLE	16
VRLLL	10
VRLLT	10
VRLSA	10
VRLSG	10
VRNLA	13
VRQAI	20
VRQAL	12
VRQLL	11
VRRAL	24
VRRFR	11
VRRGE	10
VRRLA	10
VRRLL	16
VRRLR	10
VRRVL	11
VRVGD	11
VRVSL	10
VSAAA	13
VSAAL	13
VSAEE	11
VSALA	12
VSALG	27
VSALL	20
VSAVG	11
VSEAL	10
VSGRL	12
VSIGA	12
VSLAA	12
VSLAT	18
VSLGL	10
VSLLA	15
VSQRK	11
VSRPA	12
VTALV	12
VTGAG	10
VTLAA	10
VTLAG	10
VTLAL	14
VTLLG	11
VTLRS	14
VTRQH	11
VTVVT	11
VVAAA	12
VVAAI	12
VVAAL	19
VVAGE	11
VVAGL	17
VVALA	13
VVALL	14
VVALV	13
VVARA	11
VVAVG	12
VVCMD	11
VVDAA	10
VVEAA	14
VVEAL	13
VVEAV	14
VVERL	18
VVGAG	13
VVGLD	11
VVGLL	17
VVGLV	11
VVIAG	11
VVLAA	15
VVLAG	13
VVLAL	10
VVLAV	10
VVLGG	10
VVLGL	14
VVLLD	10
VVLLG	11
VVLVA	12
VVMDN	16
VVQSG	15
VVRLN	10
VVTLA	11
VVTRQ	11
VWTFL	10
VYSRP	11
VYTPK	10
WAEVL	11
WAQGF	10
WLAER	13
WLALA	11
WLARL	11
WLGLL	10
WLLAL	10
WLLAQ	10
WLLLG	10
WLLLL	11
WLNMA	10
WLQRL	13
WPGNV	18
WQFTT	10
WQQCR	10
WQSIG	16
WREQL	10
WTFLD	10
WTLKL	10
YAGLL	12
YAGTL	11
YALAD	10
YALAL	11
YALLG	10
YARKI	10
YASGR	10
YDEGH	10
YDFAA	12
YERLL	11
YETFM	10
YFEAA	17
YFEIR	10
YGALA	12
YGFDP	10
YGPTE	15
YLAAL	10
YLAGL	13
YLARL	12
YLGEL	11
YLKSF	12
YLKSY	16
YLLGL	14
YLPPY	15
YMVPA	11
YPALL	12
YPQIE	12
YQGTT	11
YRELL	11
YRIIL	11
YRLGN	10
YRLNV	14
YRLPG	11
YRRLA	11
YRTGD	12
YRVSP	10
YSPDL	17
YSRPY	10
YTEGP	10
YTPKH	11
YTSGS	16
YVDSL	10
YVGLD	11
YVGQV	15
YVIYT	11
YVPLD	11
YVVQS	12
YYRLN	11
