k-mer	RW2_Count
AAAAA	6000
AAAAC	3255
AAAAG	3483
AAAAT	4304
AAACA	3186
AAACC	2082
AAACG	4468
AAACT	2206
AAAGA	4249
AAAGC	2785
AAAGG	2454
AAAGT	2690
AAATA	2742
AAATC	5722
AAATG	2975
AAATT	2658
AACAA	4363
AACAC	2591
AACAG	3206
AACAT	2899
AACCA	1935
AACCC	1480
AACCG	3896
AACCT	1078
AACGA	5135
AACGC	3904
AACGG	4475
AACGT	4984
AACTA	1054
AACTC	3220
AACTG	2752
AACTT	2924
AAGAA	5685
AAGAC	4609
AAGAG	3131
AAGAT	3464
AAGCA	2509
AAGCC	2634
AAGCG	5240
AAGCT	1910
AAGGA	2562
AAGGC	3002
AAGGG	1826
AAGGT	1724
AAGTA	2005
AAGTC	3983
AAGTG	3139
AAGTT	2885
AATAA	2376
AATAC	1999
AATAG	1564
AATAT	2295
AATCA	4710
AATCC	3318
AATCG	7784
AATCT	2447
AATGA	3464
AATGC	1604
AATGG	2356
AATGT	1860
AATTA	1383
AATTC	2604
AATTG	2901
AATTT	2612
ACAAA	3076
ACAAC	2624
ACAAG	3489
ACAAT	2444
ACACA	1493
ACACC	2381
ACACG	3677
ACACT	1523
ACAGA	2308
ACAGC	2364
ACAGG	1772
ACAGT	1878
ACATA	1680
ACATC	3951
ACATG	2768
ACATT	1774
ACCAA	2220
ACCAC	1350
ACCAG	1536
ACCAT	2344
ACCCA	1347
ACCCC	1126
ACCCG	2828
ACCCT	755
ACCGA	5881
ACCGC	3322
ACCGG	4493
ACCGT	4265
ACCTA	575
ACCTC	1956
ACCTG	1386
ACCTT	1689
ACGAA	5865
ACGAC	6383
ACGAG	6017
ACGAT	6048
ACGCA	2463
ACGCC	4423
ACGCG	3957
ACGCT	3753
ACGGA	4486
ACGGC	5133
ACGGG	3329
ACGGT	4265
ACGTA	2740
ACGTC	7462
ACGTG	4289
ACGTT	4895
ACTAA	695
ACTAC	903
ACTAG	397
ACTAT	1483
ACTCA	1860
ACTCC	1430
ACTCG	4830
ACTCT	1244
ACTGA	2155
ACTGC	1486
ACTGG	1595
ACTGT	1846
ACTTA	1041
ACTTC	4321
ACTTG	3884
ACTTT	2827
AGAAA	3444
AGAAC	3292
AGAAG	4519
AGAAT	2119
AGACA	2366
AGACC	2008
AGACG	7130
AGACT	1200
AGAGA	2164
AGAGC	2150
AGAGG	1421
AGAGT	1213
AGATA	1481
AGATC	1291
AGATG	4341
AGATT	2482
AGCAA	2982
AGCAC	2213
AGCAG	2047
AGCAT	2182
AGCCA	2034
AGCCC	1488
AGCCG	4044
AGCCT	1176
AGCGA	4533
AGCGC	3716
AGCGG	4445
AGCGT	3841
AGCTA	704
AGCTC	2932
AGCTG	2172
AGCTT	2032
AGGAA	2512
AGGAC	2274
AGGAG	2109
AGGAT	1754
AGGCA	1861
AGGCC	1533
AGGCG	4509
AGGCT	1146
AGGGA	1377
AGGGC	1207
AGGGG	1080
AGGGT	737
AGGTA	807
AGGTC	2010
AGGTG	1768
AGGTT	1103
AGTAA	1359
AGTAC	1390
AGTAG	1061
AGTAT	1415
AGTCA	2060
AGTCC	1860
AGTCG	4379
AGTCT	1179
AGTGA	2635
AGTGC	1694
AGTGG	1616
AGTGT	1594
AGTTA	965
AGTTC	3771
AGTTG	3007
AGTTT	2293
ATAAA	2940
ATAAC	1920
ATAAG	1647
ATAAT	2250
ATACA	2029
ATACC	1460
ATACG	3529
ATACT	1395
ATAGA	1992
ATAGC	1582
ATAGG	955
ATAGT	1512
ATATA	1984
ATATC	3054
ATATG	2438
ATATT	2340
ATCAA	5484
ATCAC	3078
ATCAG	2063
ATCAT	4684
ATCCA	2594
ATCCC	2633
ATCCG	4244
ATCCT	1690
ATCGA	8625
ATCGC	5125
ATCGG	5370
ATCGT	6048
ATCTA	1005
ATCTC	3352
ATCTG	1658
ATCTT	3500
ATGAA	5632
ATGAC	5456
ATGAG	4078
ATGAT	4727
ATGCA	1856
ATGCC	3110
ATGCG	3647
ATGCT	2228
ATGGA	3648
ATGGC	3917
ATGGG	2280
ATGGT	2365
ATGTA	1784
ATGTC	3458
ATGTG	2162
ATGTT	2964
ATTAA	1695
ATTAC	1493
ATTAG	700
ATTAT	2243
ATTCA	3687
ATTCC	2678
ATTCG	4165
ATTCT	2132
ATTGA	4844
ATTGC	2481
ATTGG	2475
ATTGT	2556
ATTTA	2110
ATTTC	3739
ATTTG	3804
ATTTT	4334
CAAAA	4100
CAAAC	3288
CAAAG	2651
CAAAT	3934
CAACA	3453
CAACC	2169
CAACG	3684
CAACT	2989
CAAGA	4563
CAAGC	3573
CAAGG	2491
CAAGT	3873
CAATA	1987
CAATC	5519
CAATG	2020
CAATT	3068
CACAA	1679
CACAC	1666
CACAG	1241
CACAT	2104
CACCA	1850
CACCC	1506
CACCG	4360
CACCT	1762
CACGA	4137
CACGC	3025
CACGG	3439
CACGT	4257
CACTA	710
CACTC	2359
CACTG	1203
CACTT	3134
CAGAA	2156
CAGAC	2455
CAGAG	1144
CAGAT	1750
CAGCA	1836
CAGCC	2160
CAGCG	2660
CAGCT	2168
CAGGA	1738
CAGGC	2015
CAGGG	908
CAGGT	1329
CAGTA	983
CAGTC	2119
CAGTG	1202
CAGTT	2793
CATAA	1972
CATAC	2172
CATAG	1457
CATAT	2535
CATCA	5462
CATCC	4143
CATCG	8998
CATCT	4345
CATGA	4908
CATGC	2733
CATGG	2715
CATGT	2840
CATTA	1245
CATTC	2951
CATTG	1987
CATTT	2949
CCAAA	2840
CCAAC	2064
CCAAG	2764
CCAAT	2619
CCACA	1436
CCACC	1666
CCACG	2419
CCACT	1589
CCAGA	1805
CCAGC	1626
CCAGG	1118
CCAGT	1529
CCATA	2047
CCATC	5136
CCATG	2751
CCATT	2343
CCCAA	1542
CCCAC	1306
CCCAG	1219
CCCAT	2264
CCCCA	1276
CCCCC	828
CCCCG	2460
CCCCT	1148
CCCGA	4089
CCCGC	2567
CCCGG	2896
CCCGT	3471
CCCTA	433
CCCTC	1378
CCCTG	876
CCCTT	1989
CCGAA	4811
CCGAC	5232
CCGAG	5186
CCGAT	5333
CCGCA	2655
CCGCC	3606
CCGCG	3536
CCGCT	4350
CCGGA	4093
CCGGC	4494
CCGGG	3034
CCGGT	4265
CCGTA	2388
CCGTC	7207
CCGTG	3407
CCGTT	4472
CCTAA	593
CCTAC	697
CCTAG	333
CCTAT	969
CCTCA	2114
CCTCC	1677
CCTCG	4823
CCTCT	1488
CCTGA	1577
CCTGC	1463
CCTGG	1157
CCTGT	1737
CCTTA	826
CCTTC	3474
CCTTG	2518
CCTTT	2677
CGAAA	4783
CGAAC	8071
CGAAG	5733
CGAAT	4202
CGACA	5292
CGACC	6134
CGACG	10669
CGACT	4389
CGAGA	6109
CGAGC	8711
CGAGG	5021
CGAGT	4888
CGATA	3837
CGATC	4535
CGATG	8940
CGATT	7733
CGCAA	2936
CGCAC	2418
CGCAG	1561
CGCAT	3651
CGCCA	4375
CGCCC	3060
CGCCG	6739
CGCCT	4621
CGCGA	5497
CGCGC	3399
CGCGG	3471
CGCGT	4117
CGCTA	1404
CGCTC	7314
CGCTG	2506
CGCTT	5110
CGGAA	4235
CGGAC	5087
CGGAG	2640
CGGAT	4071
CGGCA	5070
CGGCC	4935
CGGCG	6687
CGGCT	4109
CGGGA	4644
CGGGC	3244
CGGGG	2408
CGGGT	2884
CGGTA	2159
CGGTC	7310
CGGTG	4323
CGGTT	3813
CGTAA	2171
CGTAC	2847
CGTAG	1234
CGTAT	3508
CGTCA	8643
CGTCC	6283
CGTCG	10865
CGTCT	7033
CGTGA	5554
CGTGC	3231
CGTGG	2409
CGTGT	3670
CGTTA	1995
CGTTC	8562
CGTTG	3647
CGTTT	4280
CTAAA	1257
CTAAC	650
CTAAG	523
CTAAT	749
CTACA	1041
CTACC	726
CTACG	1170
CTACT	1092
CTAGA	545
CTAGC	455
CTAGG	345
CTAGT	426
CTATA	1458
CTATC	1423
CTATG	1375
CTATT	1488
CTCAA	2561
CTCAC	2183
CTCAG	1350
CTCAT	4013
CTCCA	2024
CTCCC	1551
CTCCG	2532
CTCCT	2065
CTCGA	8857
CTCGC	4593
CTCGG	4963
CTCGT	6046
CTCTA	1099
CTCTC	1609
CTCTG	1134
CTCTT	3327
CTGAA	2470
CTGAC	2164
CTGAG	1332
CTGAT	2139
CTGCA	1459
CTGCC	1750
CTGCG	1461
CTGCT	2082
CTGGA	1668
CTGGC	1655
CTGGG	1200
CTGGT	1549
CTGTA	1196
CTGTC	2561
CTGTG	1277
CTGTT	3194
CTTAA	928
CTTAC	1184
CTTAG	493
CTTAT	1636
CTTCA	5417
CTTCC	3837
CTTCG	5793
CTTCT	4660
CTTGA	5170
CTTGC	3174
CTTGG	2760
CTTGT	3588
CTTTA	2181
CTTTC	4034
CTTTG	2877
CTTTT	3649
GAAAA	4048
GAAAC	3901
GAAAG	3960
GAAAT	3627
GAACA	5247
GAACC	3080
GAACG	8334
GAACT	3778
GAAGA	6669
GAAGC	4955
GAAGG	3335
GAAGT	4361
GAATA	2181
GAATC	4783
GAATG	2961
GAATT	2500
GACAA	3778
GACAC	3439
GACAG	2614
GACAT	3436
GACCA	2538
GACCC	2208
GACCG	7395
GACCT	1932
GACGA	12376
GACGC	5676
GACGG	7005
GACGT	7398
GACTA	1044
GACTC	2329
GACTG	2067
GACTT	3948
GAGAA	4096
GAGAC	4351
GAGAG	1631
GAGAT	3336
GAGCA	4367
GAGCC	2769
GAGCG	7165
GAGCT	3022
GAGGA	3594
GAGGC	3169
GAGGG	1239
GAGGT	2110
GAGTA	1499
GAGTC	2304
GAGTG	2499
GAGTT	3266
GATAA	2464
GATAC	2349
GATAG	1512
GATAT	3080
GATCA	2991
GATCC	1770
GATCG	4497
GATCT	1343
GATGA	8776
GATGC	4790
GATGG	5266
GATGT	4031
GATTA	2246
GATTC	4924
GATTG	5472
GATTT	5783
GCAAA	2460
GCAAC	3057
GCAAG	3145
GCAAT	2546
GCACA	1378
GCACC	2330
GCACG	3074
GCACT	1777
GCAGA	1663
GCAGC	2103
GCAGG	1530
GCAGT	1506
GCATA	1671
GCATC	4817
GCATG	2815
GCATT	1664
GCCAA	3470
GCCAC	2338
GCCAG	1637
GCCAT	3875
GCCCA	1821
GCCCC	1707
GCCCG	3265
GCCCT	1224
GCCGA	6564
GCCGC	4503
GCCGG	4361
GCCGT	5334
GCCTA	875
GCCTC	3168
GCCTG	2003
GCCTT	3187
GCGAA	4670
GCGAC	5894
GCGAG	4534
GCGAT	5003
GCGCA	2404
GCGCC	3477
GCGCG	3457
GCGCT	3638
GCGGA	3632
GCGGC	4449
GCGGG	2653
GCGGT	3318
GCGTA	1972
GCGTC	5791
GCGTG	3048
GCGTT	3940
GCTAA	758
GCTAC	1209
GCTAG	458
GCTAT	1462
GCTCA	3563
GCTCC	2730
GCTCG	8705
GCTCT	2220
GCTGA	2724
GCTGC	2073
GCTGG	1530
GCTGT	2315
GCTTA	1052
GCTTC	5126
GCTTG	3528
GCTTT	2821
GGAAA	2901
GGAAC	3613
GGAAG	3676
GGAAT	2565
GGACA	2731
GGACC	2205
GGACG	6143
GGACT	1817
GGAGA	2482
GGAGC	2824
GGAGG	1660
GGAGT	1458
GGATA	1970
GGATC	1738
GGATG	4125
GGATT	3269
GGCAA	3360
GGCAC	2594
GGCAG	1811
GGCAT	3229
GGCCA	2657
GGCCC	1742
GGCCG	4953
GGCCT	1601
GGCGA	7106
GGCGC	3462
GGCGG	3535
GGCGT	4319
GGCTA	1117
GGCTC	2626
GGCTG	2100
GGCTT	2761
GGGAA	2966
GGGAC	2805
GGGAG	1510
GGGAT	2709
GGGCA	1720
GGGCC	1817
GGGCG	2955
GGGCT	1405
GGGGA	1981
GGGGC	1696
GGGGG	798
GGGGT	1074
GGGTA	917
GGGTC	2190
GGGTG	1461
GGGTT	1519
GGTAA	1312
GGTAC	1523
GGTAG	698
GGTAT	1459
GGTCA	3668
GGTCC	2265
GGTCG	6066
GGTCT	2118
GGTGA	3096
GGTGC	2210
GGTGG	1676
GGTGT	2363
GGTTA	1079
GGTTC	3082
GGTTG	2215
GGTTT	2052
GTAAA	2147
GTAAC	1525
GTAAG	1162
GTAAT	1494
GTACA	1673
GTACC	1515
GTACG	2856
GTACT	1443
GTAGA	1180
GTAGC	1250
GTAGG	639
GTAGT	984
GTATA	1910
GTATC	2360
GTATG	2159
GTATT	1919
GTCAA	5139
GTCAC	4391
GTCAG	2332
GTCAT	5515
GTCCA	2799
GTCCC	2774
GTCCG	5189
GTCCT	2282
GTCGA	9140
GTCGC	5972
GTCGG	5306
GTCGT	6334
GTCTA	1202
GTCTC	4271
GTCTG	2486
GTCTT	4665
GTGAA	3929
GTGAC	4366
GTGAG	2291
GTGAT	3155
GTGCA	1290
GTGCC	2629
GTGCG	2439
GTGCT	2241
GTGGA	2086
GTGGC	2255
GTGGG	1346
GTGGT	1474
GTGTA	1354
GTGTC	3526
GTGTG	1738
GTGTT	2534
GTTAA	1187
GTTAC	1616
GTTAG	720
GTTAT	1780
GTTCA	5661
GTTCC	3705
GTTCG	8100
GTTCT	3350
GTTGA	4494
GTTGC	2970
GTTGG	2055
GTTGT	2741
GTTTA	1492
GTTTC	3876
GTTTG	3172
GTTTT	3303
TAAAA	2894
TAAAC	1498
TAAAG	2084
TAAAT	2232
TAACA	1173
TAACC	1058
TAACG	2012
TAACT	977
TAAGA	1408
TAAGC	980
TAAGG	834
TAAGT	1088
TAATA	1324
TAATC	2235
TAATG	1328
TAATT	1274
TACAA	1813
TACAC	1378
TACAG	1261
TACAT	1734
TACCA	1127
TACCC	862
TACCG	2310
TACCT	834
TACGA	2665
TACGC	1991
TACGG	2294
TACGT	2747
TACTA	670
TACTC	1456
TACTG	1060
TACTT	2067
TAGAA	1436
TAGAC	1289
TAGAG	1042
TAGAT	1045
TAGCA	712
TAGCC	1179
TAGCG	1470
TAGCT	740
TAGGA	755
TAGGC	863
TAGGG	428
TAGGT	525
TAGTA	738
TAGTC	1072
TAGTG	699
TAGTT	1092
TATAA	1945
TATAC	1893
TATAG	1508
TATAT	1906
TATCA	2146
TATCC	1930
TATCG	3889
TATCT	1380
TATGA	2745
TATGC	1714
TATGG	1873
TATGT	1637
TATTA	1257
TATTC	2183
TATTG	1996
TATTT	2643
TCAAA	5597
TCAAC	4550
TCAAG	5102
TCAAT	4985
TCACA	2383
TCACC	3101
TCACG	5688
TCACT	2517
TCAGA	1729
TCAGC	2731
TCAGG	1570
TCAGT	2184
TCATA	2738
TCATC	9044
TCATG	4862
TCATT	3351
TCCAA	3055
TCCAC	2116
TCCAG	1686
TCCAT	3794
TCCCA	1887
TCCCC	2051
TCCCG	4470
TCCCT	1549
TCCGA	4028
TCCGC	3755
TCCGG	4136
TCCGT	4404
TCCTA	709
TCCTC	3600
TCCTG	1669
TCCTT	2630
TCGAA	7443
TCGAC	8975
TCGAG	8992
TCGAT	8661
TCGCA	3044
TCGCC	7289
TCGCG	5534
TCGCT	4593
TCGGA	3822
TCGGC	6725
TCGGG	4164
TCGGT	5757
TCGTA	2660
TCGTC	12364
TCGTG	4120
TCGTT	5177
TCTAA	1133
TCTAC	1220
TCTAG	583
TCTAT	1830
TCTCA	2570
TCTCC	2336
TCTCG	6101
TCTCT	2217
TCTGA	1649
TCTGC	1730
TCTGG	1790
TCTGT	2330
TCTTA	1322
TCTTC	6786
TCTTG	4762
TCTTT	4416
TGAAA	4408
TGAAC	5463
TGAAG	5392
TGAAT	3539
TGACA	2878
TGACC	3726
TGACG	8513
TGACT	1982
TGAGA	2659
TGAGC	3638
TGAGG	2010
TGAGT	2009
TGATA	2117
TGATC	3037
TGATG	5457
TGATT	4941
TGCAA	1930
TGCAC	1334
TGCAG	1383
TGCAT	1905
TGCCA	2254
TGCCC	1727
TGCCG	5026
TGCCT	1835
TGCGA	2965
TGCGC	2399
TGCGG	2601
TGCGT	2474
TGCTA	662
TGCTC	4346
TGCTG	1864
TGCTT	2624
TGGAA	3042
TGGAC	2730
TGGAG	2165
TGGAT	2568
TGGCA	2343
TGGCC	2668
TGGCG	4271
TGGCT	1944
TGGGA	1988
TGGGC	1750
TGGGG	1263
TGGGT	1392
TGGTA	1109
TGGTC	2607
TGGTG	1793
TGGTT	1993
TGTAA	1486
TGTAC	1727
TGTAG	1060
TGTAT	1966
TGTCA	3006
TGTCC	2636
TGTCG	5442
TGTCT	2294
TGTGA	2456
TGTGC	1464
TGTGG	1460
TGTGT	1525
TGTTA	1264
TGTTC	5401
TGTTG	3391
TGTTT	3218
TTAAA	2364
TTAAC	1125
TTAAG	978
TTAAT	1668
TTACA	1443
TTACC	1432
TTACG	2142
TTACT	1323
TTAGA	1095
TTAGC	814
TTAGG	632
TTAGT	679
TTATA	1900
TTATC	2508
TTATG	1997
TTATT	2332
TTCAA	7050
TTCAC	4037
TTCAG	2469
TTCAT	5783
TTCCA	3234
TTCCC	2999
TTCCG	4358
TTCCT	2571
TTCGA	7449
TTCGC	4770
TTCGG	4829
TTCGT	5893
TTCTA	1460
TTCTC	3992
TTCTG	2221
TTCTT	5794
TTGAA	6771
TTGAC	5113
TTGAG	2615
TTGAT	5531
TTGCA	1947
TTGCC	3353
TTGCG	2892
TTGCT	2945
TTGGA	3103
TTGGC	3399
TTGGG	1567
TTGGT	2114
TTGTA	1905
TTGTC	3833
TTGTG	1728
TTGTT	4582
TTTAA	2325
TTTAC	2047
TTTAG	1307
TTTAT	3078
TTTCA	4574
TTTCC	2942
TTTCG	4883
TTTCT	3325
TTTGA	5522
TTTGC	2512
TTTGG	2893
TTTGT	3163
TTTTA	2974
TTTTC	4075
TTTTG	4237
TTTTT	6027
