kmer	DJ
AAAAA	2182
AAAAC	2173
AAAAG	2227
AAAAT	1475
AAACA	1489
AAACC	3379
AAACG	2501
AAACT	1332
AAAGA	1527
AAAGC	3498
AAAGG	2389
AAAGT	1237
AAATA	1239
AAATC	2761
AAATG	1958
AAATT	1030
AACAA	2161
AACAC	2769
AACAG	5502
AACAT	2173
AACCA	2940
AACCC	3109
AACCG	4595
AACCT	3008
AACGA	3410
AACGC	5117
AACGG	4681
AACGT	1840
AACTA	705
AACTC	3237
AACTG	6555
AACTT	1759
AAGAA	3468
AAGAC	2863
AAGAG	2302
AAGAT	2735
AAGCA	2654
AAGCC	6492
AAGCG	6231
AAGCT	3513
AAGGA	3755
AAGGC	8039
AAGGG	3812
AAGGT	3684
AAGTA	1328
AAGTC	3088
AAGTG	2158
AAGTT	1740
AATAA	819
AATAC	1825
AATAG	1100
AATAT	1078
AATCA	1547
AATCC	3164
AATCG	3014
AATCT	1287
AATGA	1490
AATGC	3078
AATGG	2577
AATGT	1035
AATTA	485
AATTC	2258
AATTG	1531
AATTT	1033
ACAAA	929
ACAAC	3214
ACAAG	3205
ACAAT	1016
ACACA	830
ACACC	4705
ACACG	2171
ACACT	919
ACAGA	1624
ACAGC	6850
ACAGG	5519
ACAGT	1531
ACATA	848
ACATC	4609
ACATG	3261
ACATT	1040
ACCAA	2243
ACCAC	5992
ACCAG	10034
ACCAT	3802
ACCCA	3339
ACCCC	3588
ACCCG	7048
ACCCT	4623
ACCGA	6253
ACCGC	10720
ACCGG	9800
ACCGT	4073
ACCTA	1033
ACCTC	5045
ACCTG	9414
ACCTT	3607
ACGAA	4772
ACGAC	5729
ACGAG	4662
ACGAT	4587
ACGCA	3292
ACGCC	11067
ACGCG	5346
ACGCT	4434
ACGGA	2964
ACGGC	11674
ACGGG	4003
ACGGT	4109
ACGTA	1396
ACGTC	4129
ACGTG	3030
ACGTT	1950
ACTAA	237
ACTAC	2252
ACTAG	259
ACTAT	862
ACTCA	1395
ACTCC	3191
ACTCG	4008
ACTCT	1122
ACTGA	2207
ACTGC	5176
ACTGG	6887
ACTGT	1479
ACTTA	354
ACTTC	4688
ACTTG	2053
ACTTT	1228
AGAAA	2584
AGAAC	3719
AGAAG	4451
AGAAT	1590
AGACA	1262
AGACC	4828
AGACG	3794
AGACT	1164
AGAGA	1188
AGAGC	4417
AGAGG	2694
AGAGT	1149
AGATA	1463
AGATC	6242
AGATG	3793
AGATT	1414
AGCAA	3380
AGCAC	7083
AGCAG	14034
AGCAT	4269
AGCCA	5700
AGCCC	6857
AGCCG	12982
AGCCT	4939
AGCGA	6074
AGCGC	15760
AGCGG	11848
AGCGT	4539
AGCTA	992
AGCTC	5142
AGCTG	6005
AGCTT	3650
AGGAA	5503
AGGAC	4986
AGGAG	4729
AGGAT	4714
AGGCA	3919
AGGCC	14280
AGGCG	14807
AGGCT	5192
AGGGA	3063
AGGGC	11272
AGGGG	3862
AGGGT	4945
AGGTA	2845
AGGTC	7474
AGGTG	6753
AGGTT	3371
AGTAA	607
AGTAC	2284
AGTAG	1686
AGTAT	905
AGTCA	1304
AGTCC	3696
AGTCG	5471
AGTCT	1225
AGTGA	1331
AGTGC	3237
AGTGG	3049
AGTGT	928
AGTTA	453
AGTTC	6405
AGTTG	4838
AGTTT	1418
ATAAA	861
ATAAC	908
ATAAG	709
ATAAT	740
ATACA	992
ATACC	2649
ATACG	1556
ATACT	926
ATAGA	1353
ATAGC	2128
ATAGG	1729
ATAGT	959
ATATA	735
ATATC	2291
ATATG	1120
ATATT	1157
ATCAA	3074
ATCAC	4489
ATCAG	6827
ATCAT	3362
ATCCA	4816
ATCCC	3861
ATCCG	7141
ATCCT	4319
ATCGA	8945
ATCGC	9999
ATCGG	8503
ATCGT	4445
ATCTA	1003
ATCTC	3979
ATCTG	5147
ATCTT	2870
ATGAA	3938
ATGAC	3543
ATGAG	2293
ATGAT	3348
ATGCA	3166
ATGCC	9348
ATGCG	6469
ATGCT	4305
ATGGA	3916
ATGGC	9532
ATGGG	3980
ATGGT	3832
ATGTA	1525
ATGTC	4298
ATGTG	2178
ATGTT	2317
ATTAA	351
ATTAC	1024
ATTAG	287
ATTAT	754
ATTCA	1662
ATTCC	3253
ATTCG	3750
ATTCT	1456
ATTGA	1815
ATTGC	2976
ATTGG	1948
ATTGT	1180
ATTTA	548
ATTTC	3943
ATTTG	1095
ATTTT	1481
CAAAA	1339
CAAAC	1448
CAAAG	1529
CAAAT	1096
CAACA	3518
CAACC	5068
CAACG	5713
CAACT	4593
CAAGA	3239
CAAGC	5787
CAAGG	7319
CAAGT	1997
CAATA	1225
CAATC	2459
CAATG	2428
CAATT	1490
CACAA	1497
CACAC	1816
CACAG	2744
CACAT	2208
CACCA	8601
CACCC	7207
CACCG	12363
CACCT	6545
CACGA	4268
CACGC	7696
CACGG	6785
CACGT	3246
CACTA	935
CACTC	2149
CACTG	3137
CACTT	2210
CAGAA	3627
CAGAC	4218
CAGAG	2948
CAGAT	5297
CAGCA	15519
CAGCC	13774
CAGCG	18594
CAGCT	6244
CAGGA	8122
CAGGC	19029
CAGGG	12806
CAGGT	10499
CAGTA	2069
CAGTC	4151
CAGTG	3224
CAGTT	7190
CATAA	779
CATAC	1186
CATAG	1896
CATAT	1129
CATCA	5749
CATCC	7414
CATCG	12422
CATCT	3780
CATGA	4766
CATGC	8078
CATGG	8425
CATGT	3421
CATTA	733
CATTC	2871
CATTG	2443
CATTT	1920
CCAAA	1281
CCAAC	4455
CCAAG	4233
CCAAT	1813
CCACA	3002
CCACC	11140
CCACG	7732
CCACT	3090
CCAGA	6454
CCAGC	20636
CCAGG	18702
CCAGT	7286
CCATA	1538
CCATC	8599
CCATG	8410
CCATT	2570
CCCAA	2091
CCCAC	3996
CCCAG	9784
CCCAT	3948
CCCCA	3743
CCCCC	3230
CCCCG	7158
CCCCT	3667
CCCGA	6037
CCCGC	12910
CCCGG	13974
CCCGT	4056
CCCTA	1257
CCCTC	5145
CCCTG	12052
CCCTT	3876
CCGAA	7932
CCGAC	11292
CCGAG	12306
CCGAT	8358
CCGCA	8486
CCGCC	25186
CCGCG	17903
CCGCT	11296
CCGGA	10188
CCGGC	32726
CCGGG	14074
CCGGT	10267
CCGTA	2886
CCGTC	8972
CCGTG	6901
CCGTT	4829
CCTAA	305
CCTAC	2741
CCTAG	445
CCTAT	1629
CCTCA	2753
CCTCC	6299
CCTCG	15069
CCTCT	2629
CCTGA	6510
CCTGC	18031
CCTGG	18030
CCTGT	5014
CCTTA	598
CCTTC	8664
CCTTG	8120
CCTTT	2333
CGAAA	5012
CGAAC	9646
CGAAG	11578
CGAAT	3588
CGACA	7430
CGACC	13934
CGACG	14736
CGACT	5265
CGAGA	6095
CGAGC	15687
CGAGG	14633
CGAGT	4063
CGATA	3294
CGATC	13591
CGATG	12885
CGATT	3115
CGCAA	5147
CGCAC	7049
CGCAG	12891
CGCAT	6292
CGCCA	17593
CGCCC	17920
CGCCG	38289
CGCCT	14280
CGCGA	10937
CGCGC	22934
CGCGG	18418
CGCGT	5510
CGCTA	2354
CGCTC	11188
CGCTG	17871
CGCTT	5930
CGGAA	6474
CGGAC	7478
CGGAG	5929
CGGAT	7375
CGGCA	18872
CGGCC	28291
CGGCG	38864
CGGCT	12632
CGGGA	6863
CGGGC	16015
CGGGG	7376
CGGGT	7309
CGGTA	4438
CGGTC	10233
CGGTG	12505
CGGTT	4790
CGTAA	969
CGTAC	2848
CGTAG	4594
CGTAT	1616
CGTCA	4499
CGTCC	8417
CGTCG	15767
CGTCT	3638
CGTGA	3160
CGTGC	8796
CGTGG	7901
CGTGT	2187
CGTTA	822
CGTTC	6101
CGTTG	6324
CGTTT	2532
CTAAA	359
CTAAC	321
CTAAG	319
CTAAT	313
CTACA	2226
CTACC	3773
CTACG	3865
CTACT	1475
CTAGA	358
CTAGC	573
CTAGG	455
CTAGT	233
CTATA	733
CTATC	2281
CTATG	1792
CTATT	1065
CTCAA	3180
CTCAC	2082
CTCAG	3197
CTCAT	2395
CTCCA	6912
CTCCC	3986
CTCCG	5998
CTCCT	5194
CTCGA	11726
CTCGC	12033
CTCGG	12366
CTCGT	5091
CTCTA	1466
CTCTC	2667
CTCTG	2903
CTCTT	2396
CTGAA	4374
CTGAC	4896
CTGAG	3084
CTGAT	6335
CTGCA	9698
CTGCC	11465
CTGCG	12375
CTGCT	13113
CTGGA	11499
CTGGC	20060
CTGGG	9232
CTGGT	9830
CTGTA	2072
CTGTC	5088
CTGTG	2692
CTGTT	5077
CTTAA	322
CTTAC	632
CTTAG	284
CTTAT	643
CTTCA	5660
CTTCC	6864
CTTCG	11291
CTTCT	4560
CTTGA	5181
CTTGC	6714
CTTGG	4663
CTTGT	3490
CTTTA	711
CTTTC	4020
CTTTG	1534
CTTTT	2303
GAAAA	3835
GAAAC	4676
GAAAG	4221
GAAAT	3882
GAACA	7175
GAACC	4319
GAACG	5984
GAACT	5870
GAAGA	6238
GAAGC	8918
GAAGG	8985
GAAGT	4695
GAATA	1835
GAATC	2990
GAATG	3032
GAATT	2287
GACAA	3350
GACAC	2959
GACAG	5208
GACAT	3998
GACCA	8441
GACCC	6025
GACCG	9677
GACCT	6899
GACGA	9874
GACGC	8430
GACGG	8593
GACGT	4102
GACTA	1443
GACTC	2917
GACTG	4002
GACTT	3028
GAGAA	4134
GAGAC	2650
GAGAG	2610
GAGAT	3816
GAGCA	9821
GAGCC	7435
GAGCG	10786
GAGCT	4879
GAGGA	7327
GAGGC	8618
GAGGG	5180
GAGGT	5034
GAGTA	1405
GAGTC	2878
GAGTG	2152
GAGTT	3332
GATAA	1115
GATAC	2520
GATAG	2415
GATAT	2366
GATCA	9397
GATCC	7066
GATCG	13280
GATCT	6514
GATGA	6042
GATGC	10414
GATGG	8769
GATGT	5074
GATTA	771
GATTC	3119
GATTG	2618
GATTT	2786
GCAAA	2104
GCAAC	6976
GCAAG	6284
GCAAT	2995
GCACA	3527
GCACC	11201
GCACG	9069
GCACT	3064
GCAGA	6393
GCAGC	17808
GCAGG	19193
GCAGT	5457
GCATA	1767
GCATC	10243
GCATG	8090
GCATT	2841
GCCAA	5664
GCCAC	9597
GCCAG	20920
GCCAT	9339
GCCCA	9816
GCCCC	7307
GCCCG	16088
GCCCT	11105
GCCGA	24083
GCCGC	29098
GCCGG	32935
GCCGT	12433
GCCTA	2170
GCCTC	9166
GCCTG	17865
GCCTT	8289
GCGAA	9323
GCGAC	11839
GCGAG	11776
GCGAT	10367
GCGCA	16226
GCGCC	29130
GCGCG	23046
GCGCT	15403
GCGGA	10518
GCGGC	29856
GCGGG	13103
GCGGT	11051
GCGTA	3152
GCGTC	8989
GCGTG	7742
GCGTT	5421
GCTAA	476
GCTAC	3553
GCTAG	537
GCTAT	2027
GCTCA	5575
GCTCC	7686
GCTCG	15801
GCTCT	4440
GCTGA	8493
GCTGC	16896
GCTGG	19523
GCTGT	6795
GCTTA	601
GCTTC	8642
GCTTG	6321
GCTTT	3468
GGAAA	6321
GGAAC	5670
GGAAG	7102
GGAAT	3267
GGACA	5523
GGACC	4887
GGACG	7732
GGACT	3658
GGAGA	4779
GGAGC	7216
GGAGG	5897
GGAGT	3116
GGATA	2527
GGATC	7515
GGATG	7752
GGATT	3183
GGCAA	7069
GGCAC	7679
GGCAG	11991
GGCAT	9265
GGCCA	17678
GGCCC	10864
GGCCG	28126
GGCCT	14302
GGCGA	22960
GGCGC	29401
GGCGG	25413
GGCGT	11803
GGCTA	2554
GGCTC	7597
GGCTG	13380
GGCTT	6589
GGGAA	4592
GGGAC	3810
GGGAG	3927
GGGAT	4061
GGGCA	8644
GGGCC	10922
GGGCG	18234
GGGCT	6672
GGGGA	3734
GGGGC	7475
GGGGG	3358
GGGGT	3888
GGGTA	2315
GGGTC	6226
GGGTG	7619
GGGTT	3334
GGTAA	1366
GGTAC	3439
GGTAG	4386
GGTAT	2625
GGTCA	7653
GGTCC	5078
GGTCG	14759
GGTCT	4969
GGTGA	7951
GGTGC	11315
GGTGG	11104
GGTGT	4895
GGTTA	886
GGTTC	4507
GGTTG	5461
GGTTT	3589
GTAAA	698
GTAAC	1068
GTAAG	668
GTAAT	1150
GTACA	2100
GTACC	3402
GTACG	2780
GTACT	2329
GTAGA	3106
GTAGC	4189
GTAGG	3332
GTAGT	2685
GTATA	621
GTATC	2413
GTATG	1196
GTATT	1902
GTCAA	2732
GTCAC	3306
GTCAG	5211
GTCAT	3475
GTCCA	6002
GTCCC	3929
GTCCG	7636
GTCCT	5292
GTCGA	13186
GTCGC	12469
GTCGG	11935
GTCGT	6315
GTCTA	1230
GTCTC	2670
GTCTG	4174
GTCTT	3054
GTGAA	3255
GTGAC	3432
GTGAG	2198
GTGAT	4503
GTGCA	5172
GTGCC	7988
GTGCG	7096
GTGCT	6553
GTGGA	5319
GTGGC	9765
GTGGG	4073
GTGGT	5936
GTGTA	1224
GTGTC	3047
GTGTG	1794
GTGTT	2859
GTTAA	336
GTTAC	1034
GTTAG	323
GTTAT	879
GTTCA	4293
GTTCC	5708
GTTCG	10006
GTTCT	3920
GTTGA	4473
GTTGC	7475
GTTGG	4840
GTTGT	3477
GTTTA	417
GTTTC	4839
GTTTG	1508
GTTTT	2337
TAAAA	701
TAAAC	404
TAAAG	674
TAAAT	535
TAACA	423
TAACC	886
TAACG	850
TAACT	461
TAAGA	364
TAAGC	687
TAAGG	597
TAAGT	385
TAATA	523
TAATC	802
TAATG	762
TAATT	500
TACAA	1356
TACAC	1081
TACAG	2070
TACAT	1379
TACCA	2089
TACCC	2257
TACCG	4211
TACCT	2647
TACGA	2198
TACGC	2896
TACGG	2691
TACGT	1317
TACTA	527
TACTC	1413
TACTG	2055
TACTT	1326
TAGAA	1115
TAGAC	1317
TAGAG	1588
TAGAT	1064
TAGCA	772
TAGCC	2777
TAGCG	2610
TAGCT	1153
TAGGA	728
TAGGC	2512
TAGGG	1344
TAGGT	1226
TAGTA	680
TAGTC	1579
TAGTG	1011
TAGTT	852
TATAA	505
TATAC	592
TATAG	758
TATAT	730
TATCA	1059
TATCC	2493
TATCG	3176
TATCT	1418
TATGA	824
TATGC	1718
TATGG	1489
TATGT	788
TATTA	427
TATTC	1873
TATTG	1327
TATTT	1328
TCAAA	1098
TCAAC	4247
TCAAG	4620
TCAAT	1778
TCACA	906
TCACC	7670
TCACG	3023
TCACT	1358
TCAGA	1619
TCAGC	8837
TCAGG	7042
TCAGT	2360
TCATA	837
TCATC	5914
TCATG	4929
TCATT	1516
TCCAA	1784
TCCAC	5379
TCCAG	12340
TCCAT	4028
TCCCA	2921
TCCCC	3673
TCCCG	6683
TCCCT	2935
TCCGA	3515
TCCGC	10143
TCCGG	10546
TCCGT	3026
TCCTA	660
TCCTC	7394
TCCTG	8254
TCCTT	3943
TCGAA	7797
TCGAC	12505
TCGAG	11734
TCGAT	9573
TCGCA	3375
TCGCC	22699
TCGCG	11504
TCGCT	6210
TCGGA	3586
TCGGC	24404
TCGGG	6383
TCGGT	6539
TCGTA	2593
TCGTC	10231
TCGTG	4371
TCGTT	3579
TCTAA	294
TCTAC	2793
TCTAG	378
TCTAT	1353
TCTCA	1131
TCTCC	4914
TCTCG	6338
TCTCT	1241
TCTGA	1479
TCTGC	6548
TCTGG	6181
TCTGT	1641
TCTTA	328
TCTTC	6381
TCTTG	3554
TCTTT	1539
TGAAA	2697
TGAAC	4313
TGAAG	5705
TGAAT	1699
TGACA	1300
TGACC	7393
TGACG	4737
TGACT	1303
TGAGA	1148
TGAGC	5601
TGAGG	2935
TGAGT	1439
TGATA	1132
TGATC	8909
TGATG	5869
TGATT	1582
TGCAA	2763
TGCAC	5050
TGCAG	9935
TGCAT	3115
TGCCA	4549
TGCCC	8675
TGCCG	19152
TGCCT	3969
TGCGA	3334
TGCGC	15710
TGCGG	8849
TGCGT	3452
TGCTA	693
TGCTC	9575
TGCTG	14451
TGCTT	2863
TGGAA	5791
TGGAC	5526
TGGAG	6423
TGGAT	4827
TGGCA	4569
TGGCC	17477
TGGCG	17672
TGGCT	5624
TGGGA	2730
TGGGC	9710
TGGGG	3859
TGGGT	3352
TGGTA	2218
TGGTC	8526
TGGTG	8388
TGGTT	2948
TGTAA	642
TGTAC	2040
TGTAG	2646
TGTAT	986
TGTCA	1268
TGTCC	5668
TGTCG	7908
TGTCT	1296
TGTGA	946
TGTGC	3461
TGTGG	3039
TGTGT	914
TGTTA	411
TGTTC	6914
TGTTG	3642
TGTTT	1562
TTAAA	396
TTAAC	323
TTAAG	337
TTAAT	384
TTACA	568
TTACC	1380
TTACG	901
TTACT	591
TTAGA	267
TTAGC	422
TTAGG	294
TTAGT	245
TTATA	496
TTATC	1161
TTATG	711
TTATT	831
TTCAA	2757
TTCAC	3080
TTCAG	4623
TTCAT	3964
TTCCA	5801
TTCCC	4436
TTCCG	6455
TTCCT	5446
TTCGA	7752
TTCGC	9287
TTCGG	8108
TTCGT	4923
TTCTA	1119
TTCTC	4308
TTCTG	3625
TTCTT	3482
TTGAA	2847
TTGAC	2862
TTGAG	3548
TTGAT	3306
TTGCA	2827
TTGCC	7544
TTGCG	5405
TTGCT	3611
TTGGA	1833
TTGGC	5985
TTGGG	2366
TTGGT	2482
TTGTA	1493
TTGTC	3707
TTGTG	1696
TTGTT	2276
TTTAA	431
TTTAC	750
TTTAG	334
TTTAT	923
TTTCA	2809
TTTCC	6313
TTTCG	5023
TTTCT	2598
TTTGA	1094
TTTGC	2222
TTTGG	1215
TTTGT	1025
TTTTA	761
TTTTC	3941
TTTTG	1419
TTTTT	2333
