k-mer	DJ_pro_Count
AAAAA	73
AAAAE	22
AAAAG	46
AAAAL	46
AAAAP	10
AAAAR	37
AAAAS	10
AAAAV	30
AAAEA	39
AAAER	25
AAAFA	12
AAAGA	43
AAAGF	11
AAAGG	13
AAAGI	10
AAAGL	33
AAALA	71
AAALD	11
AAALG	29
AAALL	51
AAALP	12
AAALR	26
AAALV	25
AAAPA	31
AAAQA	29
AAARA	39
AAARG	10
AAARL	17
AAARR	29
AAART	25
AAASA	11
AAASG	14
AAATA	22
AAAVA	37
AADAA	10
AADAL	11
AADLA	23
AADLL	11
AAEAA	29
AAEAG	10
AAEAL	34
AAEEA	15
AAELA	35
AAELE	11
AAELG	11
AAELL	23
AAELR	11
AAEQL	10
AAERA	20
AAERF	12
AAERL	48
AAFAA	26
AAGAA	32
AAGAD	10
AAGAG	20
AAGAL	27
AAGAP	13
AAGAV	14
AAGEA	13
AAGEL	12
AAGFA	13
AAGGL	14
AAGIA	10
AAGIG	10
AAGLA	25
AAGLD	20
AAGLG	10
AAGLL	32
AAGLP	26
AAGLR	10
AAGRA	12
AAGRL	27
AAGSA	10
AAGSL	12
AAGVP	13
AAGVT	10
AAGYE	12
AAIAA	26
AAIDA	11
AAIEA	11
AAIER	10
AAILA	11
AAIRA	14
AALAA	112
AALAD	29
AALAE	51
AALAG	60
AALAL	54
AALAR	51
AALAS	23
AALAV	28
AALDA	31
AALDE	10
AALDR	10
AALEA	36
AALEQ	11
AALER	33
AALEV	10
AALGA	28
AALGE	11
AALGG	31
AALGL	35
AALGV	10
AALIA	11
AALIG	10
AALKA	14
AALLA	66
AALLD	17
AALLE	35
AALLG	36
AALLL	69
AALLP	10
AALLR	15
AALLV	15
AALPA	29
AALPG	23
AALQA	10
AALRA	32
AALRD	11
AALRE	22
AALRG	16
AALRH	10
AALRL	17
AALRQ	12
AALRR	20
AALRV	11
AALSA	27
AALSL	10
AALTG	12
AALTL	12
AALTR	10
AALVA	37
AALVE	10
AALVL	11
AAPAA	26
AAPAG	16
AAPLA	10
AAPLL	11
AAPPA	12
AAQAA	31
AAQAG	11
AAQAL	15
AAQLV	10
AAQRA	11
AARAA	37
AARAG	30
AARAL	30
AAREI	12
AARGL	21
AARLA	50
AARLG	28
AARLL	32
AARLQ	10
AARLR	23
AARQA	13
AARQL	20
AARRA	11
AARRG	10
AARRL	26
AARRR	15
AARSL	11
AARTV	13
AASAA	30
AASAL	12
AASGG	10
AASGR	11
AASLA	35
AASLG	10
AATLA	26
AATLL	13
AATVA	11
AAVAA	53
AAVAE	22
AAVAL	17
AAVAR	12
AAVEA	14
AAVER	24
AAVGA	11
AAVKA	10
AAVLA	28
AAVLG	10
AAVLL	30
AAVLV	10
AAYLV	13
ADALA	29
ADALL	10
ADGGT	11
ADGRL	24
ADGSL	16
ADGTL	16
ADLAA	31
ADLAR	12
ADLAV	11
ADLDA	10
ADLEQ	10
ADLFR	10
ADLLA	12
ADLLE	11
ADLLG	12
ADLRL	10
ADTFR	12
AEAAA	31
AEAAG	21
AEAAL	16
AEAAR	24
AEAEA	11
AEAEL	11
AEAGL	16
AEALA	28
AEALE	10
AEALG	34
AEALL	33
AEALQ	10
AEALR	37
AEARA	15
AEAVA	10
AEEAK	11
AEEAL	10
AEEIA	11
AEELG	10
AEGLA	10
AEGLL	11
AEGRR	12
AEIAA	10
AEILA	12
AELAA	52
AELAD	10
AELAE	15
AELAG	15
AELAR	36
AELDA	20
AELEL	10
AELER	29
AELGE	10
AELGL	12
AELLA	34
AELLE	15
AELLL	10
AELPA	10
AELRA	11
AELRR	27
AELVR	10
AEQAG	10
AERAA	26
AERAG	12
AERER	10
AERFV	12
AERGL	29
AERLA	53
AERLG	38
AERLL	17
AERLR	22
AERVA	12
AETAA	12
AEVAA	22
AEVAR	16
AEVLK	12
AEVQR	12
AFAAL	12
AFAEA	12
AFALA	10
AFTGA	11
AGAAA	32
AGAAG	15
AGAAL	40
AGAAR	10
AGAAV	10
AGADL	11
AGAGL	10
AGALA	28
AGALG	10
AGALL	31
AGALR	10
AGARL	26
AGASL	10
AGATL	28
AGAVA	10
AGELA	13
AGERL	27
AGFAA	23
AGGAA	21
AGGAL	24
AGGAY	11
AGGLL	12
AGGRL	10
AGGVL	10
AGIAA	22
AGIAL	10
AGIPL	10
AGKST	26
AGKTT	13
AGLAA	19
AGLAD	11
AGLAE	22
AGLAG	32
AGLAL	52
AGLAV	12
AGLGA	10
AGLGG	16
AGLGL	31
AGLGV	12
AGLLA	47
AGLLD	12
AGLLG	12
AGLLL	37
AGLLP	10
AGLLR	13
AGLLV	24
AGLPA	18
AGLPL	10
AGLPV	23
AGLQA	12
AGLRA	10
AGLRL	29
AGLSA	13
AGLVA	14
AGLVG	10
AGLVL	10
AGRAA	10
AGRAL	12
AGRLA	14
AGRLG	13
AGRLL	23
AGRLP	11
AGRLR	16
AGRPL	13
AGRRL	10
AGSLL	22
AGVAG	10
AGVLA	12
AGVPV	11
AGVRQ	10
AGVVA	10
AIAAA	27
AIAAL	12
AIAAS	10
AIAEA	13
AIALA	13
AIALG	25
AIALL	14
AIARA	25
AIARR	10
AIGAL	10
AIGLG	10
AILAG	10
AILAV	10
AILKA	12
AKALR	12
ALAAA	82
ALAAE	34
ALAAG	48
ALAAI	24
ALAAL	85
ALAAP	11
ALAAR	43
ALAAS	11
ALAAV	32
ALADA	29
ALADG	10
ALADL	24
ALADR	12
ALAEA	46
ALAEG	14
ALAEL	31
ALAEQ	27
ALAER	57
ALAEV	11
ALAGA	34
ALAGE	12
ALAGG	15
ALAGL	63
ALAGR	25
ALAGV	14
ALAIA	29
ALALA	66
ALALG	30
ALALI	10
ALALL	55
ALALR	13
ALALS	15
ALALV	30
ALAPA	10
ALAPL	32
ALAQG	12
ALARA	41
ALARE	26
ALARG	12
ALARL	45
ALARQ	10
ALARR	29
ALASA	27
ALASG	20
ALASL	19
ALATL	25
ALAVA	26
ALAVG	10
ALAVL	28
ALAVP	10
ALAVS	10
ALDAA	29
ALDAG	14
ALDAL	26
ALDGN	10
ALDLL	17
ALEAA	25
ALEAE	10
ALEAG	11
ALEAL	28
ALEAQ	10
ALEAR	23
ALEEA	10
ALELA	24
ALELL	24
ALELR	12
ALEQA	11
ALERA	15
ALERL	23
ALERR	22
ALFAA	11
ALFGA	11
ALFGG	14
ALFLL	10
ALGAA	24
ALGAD	14
ALGAL	31
ALGEL	11
ALGER	24
ALGFT	15
ALGGA	20
ALGGG	13
ALGGL	15
ALGLA	37
ALGLD	10
ALGLG	32
ALGLL	19
ALGLP	28
ALGLS	29
ALGVL	13
ALGYR	11
ALIAA	13
ALIAE	10
ALIAL	13
ALIEA	11
ALIGA	12
ALILL	26
ALIRR	12
ALLAA	69
ALLAD	13
ALLAE	43
ALLAF	11
ALLAG	72
ALLAL	74
ALLAR	47
ALLAS	33
ALLAT	18
ALLAV	33
ALLDA	15
ALLDR	11
ALLEA	40
ALLEG	24
ALLEL	13
ALLER	32
ALLGA	40
ALLGG	17
ALLGI	10
ALLGL	45
ALLGR	11
ALLGS	10
ALLGT	10
ALLIA	13
ALLKR	10
ALLLA	69
ALLLE	11
ALLLG	48
ALLLL	42
ALLLP	22
ALLLS	21
ALLLT	11
ALLLV	32
ALLPA	10
ALLPG	10
ALLPL	23
ALLQA	12
ALLRA	26
ALLRE	16
ALLRG	10
ALLRK	11
ALLRL	14
ALLRR	16
ALLSL	22
ALLTL	12
ALLVA	27
ALLVE	10
ALLVG	10
ALPAA	26
ALPAL	14
ALPEA	10
ALPGL	22
ALPLA	15
ALPLL	23
ALPRP	10
ALQAA	21
ALQAL	14
ALQQA	14
ALQRL	10
ALRAA	35
ALRAG	16
ALRAL	26
ALRDR	11
ALREA	32
ALREL	10
ALRER	29
ALRLA	27
ALRLL	21
ALRQL	10
ALRQR	11
ALRRA	29
ALRRL	26
ALRRR	12
ALSAA	23
ALSAG	10
ALSAL	15
ALSGL	14
ALSLA	11
ALSLL	10
ALTAG	12
ALTGL	11
ALTLA	15
ALTLL	12
ALVAA	34
ALVAG	26
ALVAL	33
ALVEA	13
ALVER	11
ALVFG	11
ALVGA	13
ALVLA	26
ALVLG	14
ALVLL	34
ALVLV	10
ALVSA	10
AMLLA	10
ANRLA	12
APAAA	38
APAAP	25
APAGA	12
APAGS	10
APALA	15
APAPA	30
APLAA	27
APLLA	25
APLRE	10
APLVL	12
APPAP	11
APRLL	10
APVAA	10
AQAAG	28
AQAAL	25
AQAAR	11
AQALA	27
AQAVA	10
AQRAA	24
AQRLA	21
ARAAA	26
ARAAG	48
ARAAL	30
ARAAR	21
ARAEA	11
ARALA	41
ARALE	11
ARALG	34
ARALL	25
ARALV	11
ARAQL	10
ARARA	11
ARARL	21
ARDAG	10
AREAG	15
AREAL	12
ARELE	10
ARELG	21
ARERL	10
ARGLD	10
ARIAE	10
ARLAA	52
ARLAD	13
ARLAE	34
ARLAG	44
ARLAL	11
ARLAP	10
ARLAR	34
ARLDA	11
ARLDG	10
ARLEA	11
ARLGA	10
ARLGE	12
ARLGL	10
ARLGV	14
ARLIA	12
ARLLA	39
ARLLD	10
ARLLE	27
ARLLG	40
ARLLL	33
ARLPA	11
ARLQA	11
ARLRA	10
ARLRD	15
ARLRE	29
ARLRG	11
ARLRP	10
ARLRQ	11
ARLVA	13
ARQAA	13
ARQAL	13
ARQAR	24
ARQGL	10
ARQLA	18
ARQLL	12
ARRAA	23
ARRAG	12
ARREG	10
ARRGV	10
ARRLA	32
ARRLD	10
ARRLE	11
ARRLG	40
ARRLL	25
ARRLR	11
ARRQG	11
ARTLA	12
ARTPE	11
ARVEA	10
ARVLG	10
ARVRA	12
ARYRA	10
ASAAL	10
ASALA	26
ASALL	27
ASEAA	10
ASGRA	13
ASLAA	27
ASLAE	14
ASLAG	23
ASLAL	14
ASLAV	11
ASLGA	10
ASLLA	27
ASLLL	13
ASQPA	16
ATAAA	10
ATALL	24
ATLAE	11
ATLAG	10
ATLLA	13
ATLLD	10
ATLLL	25
AVAAA	25
AVAAG	33
AVAAL	32
AVAAV	15
AVADD	10
AVAEA	13
AVAEE	10
AVALA	15
AVALG	11
AVALL	10
AVASL	10
AVAVA	11
AVDAL	11
AVEAA	11
AVEAL	26
AVELA	12
AVERA	23
AVERG	12
AVGLA	15
AVLAA	44
AVLAG	30
AVLAL	29
AVLAR	27
AVLEA	12
AVLGA	11
AVLLA	30
AVLLG	21
AVLLL	30
AVLLP	10
AVLRR	10
AVRAG	10
AVREA	13
AVSAA	11
AVVEA	10
AWLAA	10
AYVIY	12
DAAAL	10
DAALA	31
DAALR	12
DAEGR	16
DAGRL	10
DAIAA	10
DALAA	27
DALAG	20
DALAV	10
DALEA	10
DALLA	32
DALLL	10
DALLR	10
DALRA	13
DARLL	11
DAVAA	13
DAVLA	22
DDLAA	10
DEALA	20
DEELA	10
DELAA	10
DELRR	10
DFAAL	10
DGAAA	11
DGELA	11
DGGAG	40
DGKIL	18
DGLAR	13
DGLLA	11
DGLSA	10
DGRLL	32
DGRPL	12
DGSLD	11
DGTLD	13
DHDHD	16
DLAAA	22
DLAAL	29
DLAAR	11
DLARA	10
DLARL	23
DLARR	10
DLARY	10
DLLAL	10
DLLAR	12
DLLDE	10
DLLER	10
DLLLL	11
DLLRR	10
DLSAL	21
DLTLA	10
DNFFE	12
DNLPA	10
DPAAL	11
DPALA	25
DPARL	10
DPEYP	10
DPRLA	11
DRIDL	27
DRKAL	10
DRLLA	14
DRLLL	10
DTFRF	12
DVAAL	10
DVSAL	14
DYMVP	11
EAAAA	11
EAAAL	23
EAAAR	29
EAAGY	11
EAALA	41
EAALR	22
EAAQA	11
EAARA	30
EAARL	27
EAARQ	13
EAARR	15
EAAVA	10
EAEAA	14
EAEAL	10
EAEAR	10
EAERL	10
EAGEA	10
EAGER	12
EAIAA	11
EALAA	47
EALAE	27
EALAG	17
EALAL	13
EALAR	40
EALDA	10
EALEA	13
EALEL	13
EALLA	41
EALLE	11
EALLR	31
EALRA	13
EALRD	20
EALRE	14
EALRL	11
EALRQ	23
EALRR	24
EALVA	13
EAQRL	10
EARAA	11
EARLQ	10
EARRR	10
EASAA	10
EAVAE	13
EAVAL	11
EAVLA	10
EAVRQ	11
EAVRR	11
EEAAR	10
EEALA	18
EELAA	24
EELAR	13
EGAGA	11
EGRRF	10
EIAAA	10
EKLAA	11
ELAAA	25
ELAAE	25
ELAAL	30
ELAAR	35
ELADA	10
ELADL	10
ELAEL	24
ELAER	13
ELAGL	11
ELAGR	13
ELALA	23
ELARA	14
ELARL	36
ELARQ	22
ELARR	29
ELAVG	10
ELEAA	10
ELEAL	10
ELEAR	28
ELERL	16
ELFGH	11
ELGEI	13
ELGLD	10
ELGVG	10
ELLAA	31
ELLAE	22
ELLAL	11
ELLAR	32
ELLAS	10
ELLDA	10
ELLDE	11
ELLDR	10
ELLER	25
ELLGA	10
ELRAA	20
ELRER	10
ELRQA	11
ELRRL	12
ELSGG	10
ELSLE	10
ELVAR	29
EPLPA	12
EQAER	10
EQALA	11
EQLAA	10
EQLAR	10
EQVAR	11
ERAAE	21
ERAAR	11
ERAEA	10
ERALA	21
ERARA	10
ERARL	22
ERARR	13
ERERL	11
ERFRA	10
ERIAA	10
ERLAA	43
ERLAE	23
ERLAG	26
ERLAL	15
ERLAQ	10
ERLAR	31
ERLDA	21
ERLER	19
ERLGA	30
ERLGL	23
ERLGV	11
ERLLA	35
ERLLE	26
ERLLG	23
ERLLP	10
ERLPA	10
ERLRA	16
ERLRE	12
ERLRQ	14
ERLRR	33
ERLVA	13
ERRAR	11
ERRLA	10
ERVAA	11
ERVGL	10
ESELF	10
EVARL	22
EVARR	10
EVERL	13
EVLAA	11
EVLLA	10
FAALA	10
FAALG	25
FAALL	12
FALAA	10
FALLA	12
FALLG	11
FARLG	12
FEAAG	11
FEIAL	10
FELGG	13
FFELG	12
FGALA	11
FGLDV	11
FLARL	10
FLDEI	11
FLLAG	10
FLLAL	14
FREDL	10
FRIEL	10
FSLRE	10
FTGLG	16
FVAGL	11
GAAAA	13
GAAAL	11
GAAGA	10
GAAGL	11
GAALA	44
GAALG	14
GAALL	31
GAALP	10
GAALR	23
GAALS	11
GAAPA	10
GAARA	10
GAAVA	12
GADLF	11
GADTF	16
GAEAA	11
GAERL	10
GAFTG	14
GAGAA	12
GAGAD	11
GAGAG	12
GAGAL	10
GAGAT	20
GAGDD	13
GAGGA	10
GAGGG	10
GAGKS	26
GAGKT	13
GAGLA	12
GAGLG	26
GAGLL	12
GAGRD	38
GAGSP	10
GAGVG	10
GALAA	29
GALAG	20
GALAI	10
GALAL	24
GALAV	11
GALDA	11
GALIG	12
GALLA	60
GALLG	36
GALLL	37
GALLR	10
GALLV	11
GALVG	10
GARLA	27
GARLL	31
GARLV	10
GARVL	12
GATLR	22
GAVLA	11
GAVLL	10
GAYVP	11
GCGKS	10
GDIVV	11
GDLAR	17
GEAIA	10
GEALA	28
GEGAD	11
GEIEA	11
GELAA	13
GELAE	15
GELAR	17
GELEA	10
GELLA	28
GELLD	10
GELLR	10
GELPL	10
GELRL	14
GELVA	13
GERLA	27
GERLG	11
GERLL	10
GERLR	20
GEVLA	10
GFGLD	12
GFRIE	11
GFTGL	16
GGAAL	10
GGAGA	22
GGAGD	12
GGAGL	21
GGAGR	38
GGALA	11
GGALG	18
GGALL	25
GGAYV	11
GGEAL	13
GGEGA	10
GGGAL	12
GGGGG	36
GGGLL	10
GGLAL	12
GGLGG	13
GGLGL	13
GGLLA	29
GGLLL	31
GGLSA	18
GGLVA	10
GGLVG	26
GGTLF	10
GIAAL	10
GIALA	10
GIGLL	10
GILAA	11
GKILL	10
GKLDR	12
GKSTL	47
GKTTL	40
GLAAA	30
GLAAG	11
GLAAL	35
GLAAR	14
GLADL	11
GLAGA	10
GLAGL	16
GLAIA	15
GLAIL	12
GLALA	45
GLALG	26
GLALI	12
GLALL	57
GLALR	10
GLAPL	12
GLARG	10
GLARL	11
GLATL	10
GLAVG	13
GLAVL	11
GLDAA	10
GLDAL	11
GLDVL	11
GLELL	10
GLGAA	27
GLGAL	10
GLGDA	11
GLGDG	23
GLGGL	10
GLGLA	49
GLGLG	16
GLGLL	32
GLGNG	16
GLLAA	45
GLLAG	33
GLLAI	13
GLLAL	42
GLLAR	20
GLLAS	11
GLLAV	13
GLLGA	10
GLLGG	10
GLLGL	31
GLLGR	10
GLLLA	53
GLLLG	49
GLLLI	10
GLLLL	41
GLLLT	15
GLLLV	11
GLLSG	10
GLLTL	12
GLLVL	11
GLPLL	10
GLPLV	11
GLPVL	11
GLRAL	11
GLRAR	11
GLRLA	13
GLRLD	23
GLRLL	12
GLRVL	11
GLSAA	30
GLSAL	12
GLSAP	20
GLSAR	10
GLSGA	10
GLSLL	12
GLVLA	10
GLVLL	10
GNDTL	10
GNGYA	11
GPALA	10
GPLLA	10
GPLLR	15
GQAAL	12
GQVLA	13
GQVLV	10
GRAAL	10
GRALA	24
GRALL	10
GRDRL	10
GRLAA	11
GRLAE	10
GRLAG	12
GRLAL	13
GRLAR	10
GRLGL	10
GRLLA	29
GRLLG	11
GRLLP	10
GRLRL	21
GRLRV	11
GRLVA	10
GRPLA	24
GRPLP	20
GRRFE	11
GRRLA	15
GRRLL	10
GRRVA	11
GRSLA	12
GRTAA	10
GSAAA	11
GSGKS	27
GSGKT	30
GSGRL	10
GSLAA	11
GSLAG	10
GSLLL	10
GSLLV	10
GSLSA	10
GSRLL	10
GTALL	11
GTGKT	15
GTGLG	12
GTLAA	10
GTLAV	28
GTLFL	20
GTLLL	10
GTRTY	12
GVAGL	10
GVALA	12
GVALL	10
GVGKT	30
GVGLA	10
GVGLL	11
GVLAL	10
GVLLG	10
GVRLL	15
GVTLF	11
HDHDH	16
HLAEL	10
HQLIE	10
IAALA	31
IAALE	10
IAALL	14
IAEAL	13
IAELA	10
IAERL	11
IAGLL	21
IALGL	13
IALLL	14
IARAL	38
IARRL	13
IAVAE	11
IDLSA	10
IDVSA	11
IEALR	12
IEARL	12
IEGAG	20
IELGE	12
IERLR	11
IGAAL	24
IGALL	15
IGAVL	13
IGGLL	10
IGLLL	10
ILAAL	25
ILAGL	14
ILALA	16
ILDFD	14
ILGLL	12
ILKAG	11
ILLAG	13
IRALG	10
IRLNA	16
IYTSG	13
KAAAR	21
KAAEE	15
KAGGA	12
KALLR	21
KIRGF	10
KLDRK	11
KLKAL	10
KLLAE	11
KLSRR	10
KSTLL	26
KVERV	12
LAAAA	40
LAAAD	10
LAAAE	23
LAAAG	51
LAAAI	14
LAAAL	55
LAAAP	13
LAAAR	18
LAAAS	10
LAAAV	10
LAAEI	10
LAAEL	35
LAAER	27
LAAGA	27
LAAGD	11
LAAGE	15
LAAGG	26
LAAGL	48
LAAGR	15
LAAGV	10
LAALA	74
LAALD	29
LAALE	38
LAALF	14
LAALG	49
LAALI	10
LAALK	22
LAALL	65
LAALP	31
LAALQ	13
LAALR	47
LAALS	24
LAALT	15
LAALV	27
LAAPL	24
LAAQA	12
LAARA	27
LAARF	11
LAARG	28
LAARL	43
LAARR	24
LAASG	11
LAASL	24
LAATA	10
LAATL	34
LAAVA	11
LAAVE	10
LAAVL	23
LAAYL	11
LADAE	10
LADAL	30
LADGR	21
LADGS	24
LADLA	22
LADLE	11
LADPA	14
LADRL	13
LAEAA	32
LAEAG	33
LAEAL	34
LAEAR	13
LAEEL	12
LAEGA	10
LAEGE	10
LAEGL	12
LAEGR	12
LAELA	56
LAELD	24
LAELE	10
LAELG	28
LAELL	30
LAELP	12
LAELR	25
LAEQA	14
LAEQG	11
LAERA	42
LAERG	32
LAERI	14
LAERL	57
LAERR	12
LAESL	10
LAEVA	12
LAGAA	32
LAGAD	10
LAGAG	15
LAGAL	44
LAGAR	14
LAGAS	12
LAGCA	13
LAGEA	15
LAGEG	16
LAGEL	35
LAGFA	21
LAGGA	31
LAGGL	13
LAGGV	10
LAGHA	10
LAGIL	10
LAGLA	71
LAGLD	10
LAGLG	43
LAGLI	10
LAGLL	54
LAGLP	30
LAGLR	15
LAGLS	12
LAGRG	11
LAGRL	36
LAGRR	10
LAGSA	13
LAGSG	10
LAGSL	11
LAGTL	23
LAGVA	11
LAGVL	10
LAHRL	11
LAIAG	11
LAIAI	11
LAIAL	24
LAIAR	11
LAIGA	10
LAIGL	20
LAILA	16
LAILG	10
LAILL	11
LALAA	48
LALAE	27
LALAG	58
LALAI	33
LALAL	64
LALAR	39
LALAS	24
LALAT	10
LALAV	31
LALER	10
LALFA	11
LALFL	11
LALGA	36
LALGL	37
LALGV	12
LALIA	16
LALIV	10
LALLA	83
LALLD	28
LALLE	10
LALLG	49
LALLL	55
LALLP	28
LALLV	17
LALPA	26
LALPG	16
LALRR	11
LALSA	11
LALSG	13
LALSL	23
LALTL	21
LALVA	14
LALVE	11
LALVG	10
LALVL	27
LAPAL	10
LAPEL	10
LAPER	10
LAPLA	32
LAPLL	25
LAPRL	12
LAQAA	12
LAQAL	10
LAQGL	10
LAQLE	12
LAQLR	11
LAQQA	12
LAQRL	11
LAQVA	12
LARAA	25
LARAE	13
LARAG	10
LARAL	42
LARAR	23
LAREA	13
LAREL	30
LARER	10
LARGA	10
LARGE	10
LARIA	16
LARLA	46
LARLD	32
LARLE	23
LARLG	33
LARLL	43
LARLP	30
LARLR	47
LARQG	10
LARQL	11
LARRA	10
LARRE	10
LARRF	11
LARRG	10
LARRL	41
LARSL	21
LARVL	14
LARYR	13
LASAA	12
LASAL	11
LASEA	12
LASGA	11
LASGL	20
LASGR	13
LASLA	16
LASLG	15
LASLL	30
LASLP	11
LASLR	10
LATAL	10
LATLA	26
LATLL	34
LAVAA	22
LAVAG	20
LAVAL	25
LAVAV	10
LAVEA	10
LAVER	12
LAVGA	12
LAVGL	23
LAVGV	11
LAVLA	27
LAVLE	11
LAVLG	13
LAVLL	28
LAVLR	10
LAVLV	10
LAVSL	12
LAVVA	15
LAYVI	11
LDAAA	11
LDAAG	11
LDAAL	39
LDAAV	10
LDALA	28
LDALE	11
LDALL	29
LDALV	10
LDARL	13
LDEAA	31
LDEAL	15
LDEIG	11
LDELA	10
LDELP	12
LDELR	11
LDEPT	12
LDFDP	13
LDGGA	42
LDGLG	11
LDGLS	10
LDLAG	12
LDLLL	12
LDLRL	10
LDLSL	10
LDRAA	10
LDRKA	10
LDRLL	29
LDSLG	10
LDTGF	10
LEAAA	13
LEAAG	13
LEAAL	25
LEAAR	30
LEAEL	23
LEAGE	10
LEALA	16
LEALG	10
LEALL	26
LEALR	28
LEALV	14
LEARG	10
LEARL	32
LEAVR	11
LEDGR	10
LEEAL	11
LEELA	23
LEERL	10
LEGAL	10
LELAL	10
LELAR	14
LELLE	10
LELLG	24
LELLR	14
LEPAA	12
LEQAL	10
LEQLL	12
LERAA	11
LERAG	20
LERAL	22
LERDL	10
LERER	25
LERIA	10
LERLA	27
LERLD	11
LERLE	10
LERLG	41
LERLL	13
LERLP	11
LERLR	36
LERRL	15
LEVLA	11
LFAAG	10
LFAAL	14
LFALL	10
LFGLA	12
LFLDE	13
LGAAA	12
LGAAL	45
LGAGA	12
LGAGL	22
LGALA	30
LGALE	11
LGALL	48
LGALR	12
LGARL	20
LGAVL	22
LGDGR	11
LGEAL	10
LGEIE	12
LGELA	27
LGELG	13
LGELL	23
LGELR	11
LGERL	27
LGERP	12
LGFTG	16
LGGAA	11
LGGAL	24
LGGEA	12
LGGGL	10
LGGHS	10
LGGLA	11
LGGLL	32
LGGRV	12
LGGWL	10
LGIAL	10
LGILL	11
LGLAA	41
LGLAD	11
LGLAG	10
LGLAI	28
LGLAL	46
LGLAP	16
LGLAR	10
LGLDL	10
LGLGA	10
LGLGL	33
LGLLA	41
LGLLE	23
LGLLG	35
LGLLI	11
LGLLL	59
LGLLP	10
LGLLV	10
LGLRA	11
LGLSA	11
LGLSG	12
LGLSL	27
LGLVL	14
LGNGY	14
LGQAL	15
LGRAL	10
LGRLA	12
LGRLG	10
LGRLL	23
LGRRL	12
LGSLA	25
LGSLL	21
LGTLL	15
LGVAL	13
LGVGL	21
LGVGP	10
LGVLA	12
LGVLL	17
LGVLV	10
LGVPL	11
LGVRL	28
LGVVL	10
LIAAG	12
LIAAL	26
LIAEG	10
LIAGL	12
LIALG	10
LIALS	10
LIEAL	10
LIERL	13
LIGAG	22
LIGGA	12
LIGLL	11
LILAL	13
LILDE	10
LILLA	34
LIPLL	10
LKAGG	12
LKALA	12
LKALL	25
LKALR	10
LKGKR	10
LKLLA	12
LKSFE	10
LKSYE	12
LKVER	12
LLAAA	49
LLAAC	10
LLAAE	25
LLAAG	52
LLAAL	76
LLAAP	25
LLAAR	22
LLAAS	11
LLAAV	29
LLAEA	26
LLAEG	28
LLAEH	10
LLAEL	37
LLAEQ	11
LLAER	37
LLAEV	10
LLAFA	12
LLAGA	30
LLAGE	11
LLAGG	13
LLAGI	24
LLAGL	80
LLAGQ	13
LLAGR	28
LLAGS	24
LLAGT	12
LLAGV	12
LLAIL	30
LLALA	75
LLALG	47
LLALL	84
LLALP	30
LLALR	16
LLALT	22
LLALV	29
LLAML	12
LLAPL	21
LLAQG	10
LLAQL	13
LLARA	25
LLARE	11
LLARG	21
LLARI	22
LLARL	46
LLARR	27
LLASA	17
LLASG	12
LLASL	39
LLATA	11
LLATL	35
LLAVA	32
LLAVG	14
LLAVL	32
LLAVP	10
LLAWL	10
LLDAL	12
LLDEA	25
LLDEL	26
LLDEP	41
LLDGG	17
LLDLG	10
LLDRL	25
LLDSL	11
LLDTL	10
LLEAA	28
LLEAE	13
LLEAL	39
LLEAR	12
LLEEL	13
LLELA	24
LLELD	11
LLELL	18
LLERA	12
LLERI	14
LLERL	55
LLETL	10
LLFAA	10
LLFGL	14
LLFLA	12
LLGAA	28
LLGAG	24
LLGAL	37
LLGAV	21
LLGEA	10
LLGEL	25
LLGER	30
LLGGA	22
LLGGL	24
LLGGR	13
LLGLA	39
LLGLG	21
LLGLL	70
LLGLS	25
LLGLV	13
LLGRL	22
LLGSA	11
LLGSL	26
LLGTL	10
LLGVG	11
LLGVL	25
LLGVS	10
LLIAL	11
LLIGA	11
LLIGL	14
LLILA	11
LLLAA	58
LLLAD	11
LLLAF	11
LLLAG	59
LLLAL	67
LLLAP	10
LLLAQ	13
LLLAR	14
LLLAS	24
LLLAT	10
LLLAV	27
LLLDE	33
LLLDG	10
LLLDP	10
LLLEA	16
LLLEG	10
LLLER	11
LLLGA	35
LLLGE	10
LLLGG	34
LLLGL	54
LLLGR	11
LLLGS	12
LLLGV	21
LLLLA	49
LLLLD	30
LLLLG	31
LLLLL	51
LLLLP	17
LLLLS	12
LLLLT	10
LLLLV	12
LLLPA	23
LLLPG	24
LLLPL	31
LLLQR	11
LLLRL	23
LLLSA	20
LLLSL	26
LLLTA	22
LLLTL	12
LLLVA	12
LLLVG	11
LLLVL	30
LLLVV	23
LLPAA	14
LLPAG	11
LLPAL	34
LLPEA	10
LLPGA	12
LLPGL	11
LLPLA	23
LLPLL	48
LLPVL	14
LLQRA	10
LLRAL	24
LLREA	14
LLREL	10
LLRER	10
LLRKA	21
LLRLA	29
LLRLG	10
LLRLL	36
LLRQA	16
LLRQG	11
LLRRA	20
LLRRL	32
LLRVL	15
LLSAA	11
LLSAL	16
LLSGA	13
LLSLA	29
LLSLL	25
LLTAL	11
LLTLA	10
LLVAA	15
LLVAL	33
LLVAV	13
LLVGA	11
LLVGL	10
LLVLA	28
LLVLG	10
LLVLL	21
LLVRA	11
LLVVL	14
LNADG	20
LPAAA	19
LPAAL	22
LPADA	11
LPAEL	12
LPAGA	10
LPAGL	21
LPAGS	11
LPAGV	11
LPALA	34
LPALL	35
LPALR	13
LPAPA	12
LPDYM	12
LPELL	13
LPGLL	11
LPGRL	12
LPLAE	12
LPLAG	11
LPLAL	34
LPLLA	30
LPLLL	43
LPLLR	12
LPLLV	13
LPLPA	10
LPLPL	10
LPLTP	14
LPPYS	10
LPRLA	10
LPSLG	10
LPVLG	10
LQALA	24
LQALL	27
LQALR	10
LQQAL	10
LQRLA	24
LQRLR	20
LRAAA	11
LRAAG	29
LRAAL	26
LRAAR	10
LRAEL	10
LRAGL	12
LRALA	27
LRALE	10
LRALG	34
LRALL	32
LRDLL	23
LREAA	17
LREAG	22
LREAI	11
LREAL	30
LREAV	11
LREDS	10
LRELA	31
LRELG	23
LRELL	13
LRERG	15
LRERL	36
LRERV	11
LREVA	10
LRGEL	13
LRHAL	10
LRKAA	10
LRLAA	28
LRLAG	11
LRLAL	10
LRLAR	12
LRLAV	11
LRLDA	10
LRLLA	34
LRLLD	11
LRLLG	19
LRLLL	11
LRLLR	11
LRLVA	10
LRPLL	11
LRQAG	12
LRQAL	28
LRQLA	21
LRQLE	12
LRQLL	14
LRQLR	10
LRQRL	21
LRRAA	10
LRRAL	14
LRRAV	11
LRREL	13
LRRLA	26
LRRLL	31
LRRLR	18
LRRQL	10
LRRRL	23
LRRRV	11
LRSLL	10
LRTLL	12
LRVLD	10
LRVLQ	10
LRYLP	12
LSAAA	24
LSAAL	11
LSALA	27
LSALG	28
LSALL	16
LSAPL	10
LSGAL	11
LSGGA	10
LSGGE	13
LSGGM	11
LSGGQ	26
LSGLA	10
LSGLL	11
LSLAA	10
LSLAG	25
LSLAL	23
LSLLA	12
LSLLG	12
LSLLL	23
LSLPL	12
LSRLL	10
LSRRL	22
LSVLL	11
LTAAD	11
LTAER	12
LTALL	11
LTELA	10
LTLAA	12
LTLAL	13
LTLAQ	10
LTLTL	11
LTPGD	11
LTPNG	10
LVAAA	26
LVAAG	25
LVAAL	37
LVAAV	10
LVAGA	10
LVAGL	27
LVALG	22
LVALL	29
LVDAL	10
LVEAA	12
LVEAL	26
LVERL	12
LVGAL	23
LVGDD	10
LVGLL	24
LVGTL	10
LVKAG	11
LVLAA	26
LVLAG	21
LVLAL	26
LVLAR	10
LVLAV	10
LVLDG	10
LVLGG	11
LVLGL	10
LVLLA	28
LVLLG	11
LVLLL	27
LVLLV	15
LVLPL	11
LVPEL	10
LVRAL	11
LVTGA	10
LVVLL	11
MLAAL	10
MLGVS	10
MVPAH	10
NADGS	14
NADGT	11
NFFEL	14
NGAGK	13
NGGAG	11
NGKLD	12
NGYAG	11
NNVAY	12
PAAAA	30
PAAAL	10
PAAAP	22
PAAAV	10
PAALA	17
PAALL	20
PAALR	10
PAASA	10
PAAVA	11
PADLA	10
PAELA	14
PAELL	10
PAGAA	21
PAGLA	20
PALAA	33
PALAE	16
PALAG	10
PALAL	22
PALLA	28
PALLG	10
PALLL	12
PALPA	10
PALRE	21
PALTA	10
PAPAA	29
PAPAP	25
PARPA	10
PASLL	11
PASQP	12
PAVAA	11
PDYMV	11
PEALL	10
PGDIV	20
PGERL	11
PGNVR	11
PLAAA	12
PLAAL	35
PLAEL	10
PLAER	10
PLAGA	12
PLAGL	20
PLALA	13
PLALL	34
PLAVL	10
PLDPE	10
PLEAV	10
PLERL	11
PLLAA	17
PLLAE	12
PLLAL	15
PLLDR	10
PLLGE	10
PLLLA	31
PLLLG	21
PLLLL	27
PLLRA	11
PLLRR	10
PLPLP	12
PLRER	21
PPAPA	12
PPPPP	10
PPYSP	11
PRERL	10
PRLAE	10
PSVAA	11
PVFLA	10
PVGFG	10
PVLLL	11
QAAAA	12
QAAER	12
QAALA	25
QAALL	10
QAEAL	10
QAERL	10
QALAA	23
QALAE	25
QALAG	10
QALAL	12
QALAR	24
QALEA	24
QALLA	26
QALLE	12
QALLG	13
QARLL	10
QAVAE	13
QKAAE	11
QLAAL	24
QLARL	10
QLDAL	11
QLLAR	12
QLLER	10
QPASQ	12
QRALA	10
QRELA	10
QRIAA	12
QRLAA	10
QRLAE	10
QRLAR	12
QRLLE	10
QRLLL	10
QRVAI	13
QSIGE	10
QVKIR	12
QVLAE	10
QVLVP	10
RAAAA	23
RAAAE	11
RAAAL	10
RAAEA	23
RAAEL	13
RAAER	24
RAAGL	26
RAALA	37
RAALD	11
RAALE	11
RAALG	10
RAAQA	13
RAARA	11
RAAVE	23
RAGLA	24
RAGLV	11
RAGRL	10
RAIAA	10
RAIAE	12
RALAA	39
RALAD	11
RALAE	38
RALAG	10
RALAL	11
RALAR	23
RALAV	10
RALEA	12
RALEE	10
RALEL	11
RALGA	17
RALGL	25
RALIA	10
RALLA	37
RALLD	10
RALLE	23
RALLG	24
RALLR	14
RALRA	21
RALRE	10
RARAA	26
RARAL	10
RAREA	11
RARLA	26
RARLL	22
RARLQ	11
RARQA	12
RAVEL	21
RAVLA	10
RDALA	11
RDGRL	10
REAAG	12
REAGV	13
REALA	29
REALE	28
REALL	12
REAVV	12
RELAA	22
RELAE	11
RELAG	12
RELAR	13
RELGL	22
RELLA	20
RELLD	12
RELLE	10
RELLL	10
RELLR	10
REQLL	10
RERGL	10
RERLA	35
RERLE	10
RERLG	11
RERLL	12
RERLQ	13
RERLR	12
REVAA	10
RGARL	11
RGFRI	12
RGLLG	10
RIAEL	10
RIDLS	20
RIDSL	10
RIELG	14
RKAAA	20
RKALP	11
RLAAA	31
RLAAE	28
RLAAG	28
RLAAL	47
RLAAR	31
RLADL	10
RLAEA	32
RLAEG	10
RLAEL	39
RLAER	33
RLAEV	10
RLAGA	24
RLAGE	33
RLAGL	27
RLALA	25
RLALG	10
RLALL	21
RLAQA	15
RLARA	12
RLARE	17
RLARG	10
RLARL	30
RLAVA	11
RLAVL	10
RLDAL	13
RLDAR	10
RLDGL	12
RLDLA	10
RLDLS	10
RLEAL	27
RLELL	11
RLERL	26
RLGAL	16
RLGAR	11
RLGEA	12
RLGEL	10
RLGER	10
RLGLA	29
RLGLE	10
RLGLG	12
RLGLL	10
RLGLP	21
RLGLS	10
RLGRR	10
RLGVR	12
RLIAL	11
RLLAA	40
RLLAD	11
RLLAE	52
RLLAG	34
RLLAL	40
RLLAR	21
RLLAS	11
RLLDA	13
RLLDE	20
RLLDG	10
RLLEA	27
RLLEE	18
RLLEL	17
RLLER	28
RLLGA	18
RLLGE	22
RLLGV	13
RLLLA	35
RLLLE	28
RLLLL	11
RLLLR	11
RLLLV	25
RLLPA	10
RLLPQ	24
RLLQE	11
RLLRE	27
RLLRG	10
RLLVL	14
RLNAD	18
RLPAG	11
RLPLL	13
RLPLT	13
RLQAL	11
RLQEL	10
RLRAA	26
RLRAE	11
RLRAL	14
RLREA	10
RLREE	12
RLREL	32
RLRER	24
RLRLP	12
RLRQL	27
RLRRA	11
RLRRE	23
RLRRL	14
RLSLA	10
RLVAA	11
RLVAE	10
RLVAG	10
RLVAL	12
RLVEA	10
RLVLL	12
RLVLT	10
RPLAE	10
RPLLA	10
RPLLE	10
RQAAE	11
RQAIE	13
RQALA	12
RQALE	29
RQALL	13
RQLAA	25
RQLAE	12
RQLAG	11
RQLLA	13
RQLLE	11
RQLLR	10
RQRLL	10
RQVRE	10
RRAAE	12
RRALA	14
RRALL	11
RREAL	10
RRLAA	27
RRLAE	32
RRLAG	26
RRLAL	10
RRLDE	10
RRLDL	11
RRLGA	10
RRLGL	30
RRLID	11
RRLLA	34
RRLLE	22
RRLLG	24
RRLLL	18
RRLPA	12
RRLRA	10
RRLRD	10
RRPLL	11
RRRLA	11
RRRLL	12
RRVAE	10
RRVLA	11
RRVLL	10
RSLAA	11
RTYLK	31
RVAAG	10
RVAAL	11
RVAEL	10
RVAIA	13
RVLAA	21
RVLLE	14
RVSLA	10
RYSGQ	10
SAAAE	10
SAAAR	10
SAAEL	12
SAALA	11
SAALL	14
SAASL	11
SALAA	10
SALAG	12
SALAL	20
SALAP	12
SALDA	10
SALGF	30
SALLA	12
SALLL	10
SARRA	10
SEAGR	11
SELFG	12
SGKST	13
SGKTT	10
SGLLA	13
SGLLL	12
SGSGK	20
SGSTG	16
SIGEA	10
SKLKA	10
SLAAA	25
SLAAL	30
SLAEL	12
SLAGL	23
SLALA	25
SLALL	15
SLARL	10
SLAVL	13
SLDEL	11
SLEAA	11
SLGLL	10
SLLAA	26
SLLAL	28
SLLLA	29
SLLLG	23
SLLVG	12
SLPVA	11
SLRRL	11
SQPAS	13
SREAL	10
SRELL	10
SRERL	10
SRLLA	22
SSLLA	10
STLLR	13
SVAAL	10
TAAAL	13
TAADL	11
TAERF	13
TALAA	11
TALLA	12
TATAL	10
TGLGL	10
TGLGN	11
TGSGK	16
TLAAL	29
TLAEL	14
TLAGL	11
TLALL	23
TLARL	23
TLFLD	10
TLGGL	13
TLLAG	10
TLLAT	10
TLLGL	11
TLLLA	12
TLLRL	11
TLRYL	10
TPNGK	10
TRAAA	10
TRELA	11
TRLLA	11
TRTYL	12
TSGST	19
TYLKS	33
VAAAA	26
VAAAG	13
VAAAL	17
VAAAR	22
VAAAV	10
VAAGA	11
VAAGL	14
VAAGR	10
VAAGV	10
VAALA	30
VAALL	46
VAALP	10
VAARL	12
VAAVA	13
VADLA	12
VAEAL	11
VAEEL	10
VAERL	15
VAGLA	12
VAGLL	14
VAGVR	24
VAIAR	11
VAIIG	11
VAILA	10
VALAA	31
VALAL	23
VALAR	13
VALLA	13
VALLG	20
VALVT	10
VARLA	11
VARLL	12
VARRL	13
VATLG	16
VAVAA	10
VAVLL	10
VDALL	10
VEAAL	14
VEAAR	20
VEALA	14
VEALQ	10
VEALR	13
VEGLA	13
VERLA	11
VERLE	10
VERLL	13
VERVG	10
VGAAL	20
VGALL	27
VGGAL	14
VGGLV	11
VGIGG	10
VGLAG	12
VGLAL	12
VGLGA	10
VGLLA	16
VGLLL	27
VIRLN	10
VIYTS	11
VKIRG	11
VLAAA	23
VLAAG	14
VLAAL	31
VLAAQ	11
VLADL	10
VLAGA	27
VLAGG	10
VLAGL	20
VLAGV	10
VLALA	24
VLALL	33
VLARE	11
VLARL	10
VLDGA	12
VLEAL	14
VLERL	12
VLGAL	14
VLGLL	19
VLGLT	10
VLGVL	13
VLLAA	15
VLLAG	11
VLLAL	32
VLLAR	11
VLLDE	11
VLLGA	10
VLLGG	11
VLLGL	29
VLLLA	25
VLLLG	22
VLLLL	10
VLLVA	10
VLPLL	11
VLSAL	12
VLVAG	10
VLVDG	10
VLVPE	10
VPELT	10
VPLLV	10
VREAV	13
VRELE	10
VRERL	11
VRKKP	10
VRLAG	11
VRLLA	10
VRQAI	10
VRRAL	24
VRRLL	12
VSALG	15
VSALL	12
VSLLA	11
VVAAL	13
VVAGL	13
VVERL	10
VVGLL	11
VVLAA	10
VVLGL	11
VVQSG	10
WAEVL	10
WPGNV	11
YGPTE	12
YLAGL	11
YLKSY	14
YMVPA	11
YTSGS	16
YVIYT	11
