k-mer	GIC31_Count
AAAAA	5804
AAAAC	3209
AAAAG	3498
AAAAT	4127
AAACA	3048
AAACC	2106
AAACG	4209
AAACT	2220
AAAGA	4246
AAAGC	2862
AAAGG	2674
AAAGT	2667
AAATA	2515
AAATC	5486
AAATG	2826
AAATT	2478
AACAA	4389
AACAC	2466
AACAG	3000
AACAT	2781
AACCA	1996
AACCC	1527
AACCG	3716
AACCT	1141
AACGA	4966
AACGC	3774
AACGG	4393
AACGT	4705
AACTA	1096
AACTC	3182
AACTG	2711
AACTT	2755
AAGAA	5553
AAGAC	4493
AAGAG	3173
AAGAT	3321
AAGCA	2590
AAGCC	2711
AAGCG	5061
AAGCT	1974
AAGGA	2589
AAGGC	3185
AAGGG	1974
AAGGT	1733
AAGTA	2021
AAGTC	3831
AAGTG	3009
AAGTT	2777
AATAA	2135
AATAC	1891
AATAG	1441
AATAT	2168
AATCA	4608
AATCC	3160
AATCG	7330
AATCT	2356
AATGA	3186
AATGC	1638
AATGG	2290
AATGT	1722
AATTA	1233
AATTC	2420
AATTG	2851
AATTT	2374
ACAAA	3036
ACAAC	2661
ACAAG	3468
ACAAT	2475
ACACA	1456
ACACC	2359
ACACG	3532
ACACT	1548
ACAGA	2191
ACAGC	2257
ACAGG	1658
ACAGT	1739
ACATA	1519
ACATC	3903
ACATG	2653
ACATT	1725
ACCAA	2079
ACCAC	1465
ACCAG	1545
ACCAT	2319
ACCCA	1377
ACCCC	1115
ACCCG	2824
ACCCT	803
ACCGA	5562
ACCGC	3257
ACCGG	4208
ACCGT	4124
ACCTA	556
ACCTC	2093
ACCTG	1323
ACCTT	1730
ACGAA	5686
ACGAC	6111
ACGAG	5818
ACGAT	5823
ACGCA	2368
ACGCC	4201
ACGCG	3978
ACGCT	3736
ACGGA	4225
ACGGC	5206
ACGGG	3449
ACGGT	4154
ACGTA	2643
ACGTC	7121
ACGTG	4091
ACGTT	4720
ACTAA	695
ACTAC	971
ACTAG	453
ACTAT	1435
ACTCA	1942
ACTCC	1464
ACTCG	4652
ACTCT	1226
ACTGA	2075
ACTGC	1494
ACTGG	1525
ACTGT	1797
ACTTA	1031
ACTTC	4221
ACTTG	3760
ACTTT	2552
AGAAA	3246
AGAAC	3212
AGAAG	4534
AGAAT	2015
AGACA	2160
AGACC	2078
AGACG	6707
AGACT	1165
AGAGA	2117
AGAGC	2109
AGAGG	1451
AGAGT	1217
AGATA	1323
AGATC	1294
AGATG	4117
AGATT	2281
AGCAA	2884
AGCAC	2215
AGCAG	1996
AGCAT	2132
AGCCA	1927
AGCCC	1418
AGCCG	4043
AGCCT	1157
AGCGA	4469
AGCGC	3593
AGCGG	4162
AGCGT	3655
AGCTA	782
AGCTC	2870
AGCTG	2095
AGCTT	1900
AGGAA	2568
AGGAC	2228
AGGAG	2020
AGGAT	1645
AGGCA	1806
AGGCC	1608
AGGCG	4474
AGGCT	1213
AGGGA	1552
AGGGC	1239
AGGGG	1157
AGGGT	776
AGGTA	860
AGGTC	1953
AGGTG	1774
AGGTT	1124
AGTAA	1247
AGTAC	1459
AGTAG	1027
AGTAT	1338
AGTCA	1925
AGTCC	1779
AGTCG	4219
AGTCT	1190
AGTGA	2439
AGTGC	1768
AGTGG	1523
AGTGT	1395
AGTTA	916
AGTTC	3682
AGTTG	2883
AGTTT	2138
ATAAA	2917
ATAAC	1703
ATAAG	1565
ATAAT	2012
ATACA	1841
ATACC	1467
ATACG	3379
ATACT	1320
ATAGA	1755
ATAGC	1463
ATAGG	999
ATAGT	1414
ATATA	1806
ATATC	2915
ATATG	2448
ATATT	2064
ATCAA	5218
ATCAC	2999
ATCAG	2030
ATCAT	4484
ATCCA	2505
ATCCC	2671
ATCCG	3925
ATCCT	1698
ATCGA	8206
ATCGC	4882
ATCGG	5132
ATCGT	5836
ATCTA	1021
ATCTC	3202
ATCTG	1697
ATCTT	3300
ATGAA	5508
ATGAC	5266
ATGAG	3817
ATGAT	4500
ATGCA	1830
ATGCC	3101
ATGCG	3484
ATGCT	2083
ATGGA	3627
ATGGC	3761
ATGGG	2243
ATGGT	2317
ATGTA	1699
ATGTC	3207
ATGTG	1979
ATGTT	2731
ATTAA	1573
ATTAC	1417
ATTAG	735
ATTAT	2136
ATTCA	3388
ATTCC	2474
ATTCG	3918
ATTCT	1964
ATTGA	4533
ATTGC	2367
ATTGG	2477
ATTGT	2298
ATTTA	1968
ATTTC	3461
ATTTG	3645
ATTTT	4000
CAAAA	4023
CAAAC	3125
CAAAG	2799
CAAAT	3588
CAACA	3244
CAACC	2147
CAACG	3513
CAACT	2952
CAAGA	4527
CAAGC	3420
CAAGG	2579
CAAGT	3770
CAATA	1907
CAATC	5227
CAATG	1930
CAATT	2709
CACAA	1688
CACAC	1681
CACAG	1260
CACAT	2062
CACCA	1810
CACCC	1525
CACCG	4239
CACCT	1756
CACGA	3988
CACGC	2931
CACGG	3336
CACGT	4116
CACTA	686
CACTC	2379
CACTG	1186
CACTT	3015
CAGAA	2117
CAGAC	2385
CAGAG	1108
CAGAT	1557
CAGCA	1833
CAGCC	2126
CAGCG	2505
CAGCT	2116
CAGGA	1654
CAGGC	1910
CAGGG	926
CAGGT	1402
CAGTA	1025
CAGTC	1991
CAGTG	1187
CAGTT	2664
CATAA	1855
CATAC	2034
CATAG	1333
CATAT	2311
CATCA	5192
CATCC	4025
CATCG	8545
CATCT	4194
CATGA	4654
CATGC	2633
CATGG	2708
CATGT	2600
CATTA	1302
CATTC	2814
CATTG	1903
CATTT	2797
CCAAA	2776
CCAAC	2012
CCAAG	2699
CCAAT	2399
CCACA	1427
CCACC	1741
CCACG	2382
CCACT	1516
CCAGA	1725
CCAGC	1583
CCAGG	1223
CCAGT	1578
CCATA	1764
CCATC	5067
CCATG	2649
CCATT	2271
CCCAA	1567
CCCAC	1348
CCCAG	1225
CCCAT	2205
CCCCA	1285
CCCCC	877
CCCCG	2370
CCCCT	1130
CCCGA	4004
CCCGC	2567
CCCGG	3055
CCCGT	3302
CCCTA	468
CCCTC	1280
CCCTG	917
CCCTT	1927
CCGAA	4691
CCGAC	5147
CCGAG	4802
CCGAT	5237
CCGCA	2624
CCGCC	3488
CCGCG	3411
CCGCT	4290
CCGGA	4028
CCGGC	4282
CCGGG	2899
CCGGT	4383
CCGTA	2272
CCGTC	6767
CCGTG	3309
CCGTT	4347
CCTAA	652
CCTAC	699
CCTAG	340
CCTAT	956
CCTCA	2043
CCTCC	1698
CCTCG	4813
CCTCT	1453
CCTGA	1548
CCTGC	1526
CCTGG	1144
CCTGT	1696
CCTTA	885
CCTTC	3311
CCTTG	2499
CCTTT	2427
CGAAA	4756
CGAAC	7755
CGAAG	5615
CGAAT	3991
CGACA	5158
CGACC	5855
CGACG	10547
CGACT	4320
CGAGA	5808
CGAGC	8347
CGAGG	4820
CGAGT	4593
CGATA	3729
CGATC	4483
CGATG	8595
CGATT	7299
CGCAA	2801
CGCAC	2363
CGCAG	1501
CGCAT	3504
CGCCA	4127
CGCCC	2893
CGCCG	6519
CGCCT	4417
CGCGA	5350
CGCGC	3372
CGCGG	3455
CGCGT	3829
CGCTA	1446
CGCTC	6941
CGCTG	2570
CGCTT	5063
CGGAA	4248
CGGAC	5015
CGGAG	2493
CGGAT	4013
CGGCA	4887
CGGCC	4747
CGGCG	6612
CGGCT	4024
CGGGA	4437
CGGGC	3209
CGGGG	2428
CGGGT	2811
CGGTA	2253
CGGTC	7072
CGGTG	4266
CGGTT	3814
CGTAA	2124
CGTAC	2801
CGTAG	1141
CGTAT	3319
CGTCA	8165
CGTCC	5971
CGTCG	10328
CGTCT	6805
CGTGA	5437
CGTGC	3000
CGTGG	2357
CGTGT	3479
CGTTA	1930
CGTTC	7928
CGTTG	3574
CGTTT	4298
CTAAA	1329
CTAAC	689
CTAAG	538
CTAAT	698
CTACA	1038
CTACC	733
CTACG	1220
CTACT	1053
CTAGA	559
CTAGC	456
CTAGG	341
CTAGT	437
CTATA	1461
CTATC	1444
CTATG	1436
CTATT	1447
CTCAA	2506
CTCAC	2252
CTCAG	1369
CTCAT	3931
CTCCA	2099
CTCCC	1479
CTCCG	2598
CTCCT	2115
CTCGA	8596
CTCGC	4350
CTCGG	5005
CTCGT	5756
CTCTA	1015
CTCTC	1598
CTCTG	1091
CTCTT	3104
CTGAA	2470
CTGAC	2255
CTGAG	1329
CTGAT	1902
CTGCA	1351
CTGCC	1833
CTGCG	1558
CTGCT	1959
CTGGA	1659
CTGGC	1655
CTGGG	1245
CTGGT	1510
CTGTA	1250
CTGTC	2459
CTGTG	1188
CTGTT	3066
CTTAA	952
CTTAC	1137
CTTAG	590
CTTAT	1592
CTTCA	5210
CTTCC	3668
CTTCG	5650
CTTCT	4322
CTTGA	4894
CTTGC	3166
CTTGG	2682
CTTGT	3369
CTTTA	1998
CTTTC	3822
CTTTG	2582
CTTTT	3346
GAAAA	3945
GAAAC	3803
GAAAG	3994
GAAAT	3596
GAACA	5125
GAACC	3047
GAACG	8177
GAACT	3637
GAAGA	6491
GAAGC	4995
GAAGG	3414
GAAGT	4224
GAATA	2059
GAATC	4636
GAATG	2864
GAATT	2479
GACAA	3685
GACAC	3402
GACAG	2412
GACAT	3284
GACCA	2497
GACCC	2117
GACCG	7057
GACCT	1992
GACGA	11933
GACGC	5623
GACGG	6939
GACGT	7116
GACTA	1067
GACTC	2229
GACTG	2076
GACTT	3903
GAGAA	3903
GAGAC	4096
GAGAG	1526
GAGAT	3184
GAGCA	4163
GAGCC	2590
GAGCG	6935
GAGCT	2849
GAGGA	3514
GAGGC	3124
GAGGG	1379
GAGGT	1994
GAGTA	1378
GAGTC	2227
GAGTG	2255
GAGTT	3136
GATAA	2394
GATAC	2262
GATAG	1441
GATAT	2875
GATCA	2915
GATCC	1722
GATCG	4499
GATCT	1312
GATGA	8583
GATGC	4604
GATGG	4977
GATGT	3713
GATTA	2103
GATTC	4479
GATTG	5037
GATTT	5390
GCAAA	2452
GCAAC	2893
GCAAG	3101
GCAAT	2409
GCACA	1450
GCACC	2170
GCACG	3115
GCACT	1704
GCAGA	1647
GCAGC	2096
GCAGG	1495
GCAGT	1448
GCATA	1641
GCATC	4558
GCATG	2624
GCATT	1569
GCCAA	3289
GCCAC	2201
GCCAG	1674
GCCAT	3682
GCCCA	1756
GCCCC	1695
GCCCG	3183
GCCCT	1217
GCCGA	6597
GCCGC	4395
GCCGG	4333
GCCGT	4948
GCCTA	872
GCCTC	3085
GCCTG	1966
GCCTT	2982
GCGAA	4687
GCGAC	5755
GCGAG	4473
GCGAT	4928
GCGCA	2355
GCGCC	3357
GCGCG	3298
GCGCT	3626
GCGGA	3672
GCGGC	4421
GCGGG	2543
GCGGT	3191
GCGTA	1960
GCGTC	5463
GCGTG	2942
GCGTT	3775
GCTAA	848
GCTAC	1246
GCTAG	477
GCTAT	1518
GCTCA	3510
GCTCC	2762
GCTCG	8391
GCTCT	2046
GCTGA	2680
GCTGC	2059
GCTGG	1636
GCTGT	2305
GCTTA	1017
GCTTC	4878
GCTTG	3426
GCTTT	2735
GGAAA	2947
GGAAC	3639
GGAAG	3741
GGAAT	2581
GGACA	2628
GGACC	2177
GGACG	6030
GGACT	1839
GGAGA	2308
GGAGC	2639
GGAGG	1699
GGAGT	1389
GGATA	1879
GGATC	1750
GGATG	4010
GGATT	3093
GGCAA	3287
GGCAC	2585
GGCAG	1756
GGCAT	2971
GGCCA	2540
GGCCC	1807
GGCCG	4831
GGCCT	1505
GGCGA	7113
GGCGC	3340
GGCGG	3595
GGCGT	4294
GGCTA	1168
GGCTC	2742
GGCTG	2184
GGCTT	2661
GGGAA	2951
GGGAC	2723
GGGAG	1578
GGGAT	2593
GGGCA	1691
GGGCC	1718
GGGCG	3041
GGGCT	1532
GGGGA	2042
GGGGC	1721
GGGGG	861
GGGGT	1120
GGGTA	904
GGGTC	2160
GGGTG	1513
GGGTT	1473
GGTAA	1423
GGTAC	1505
GGTAG	753
GGTAT	1451
GGTCA	3565
GGTCC	2187
GGTCG	5877
GGTCT	2004
GGTGA	3060
GGTGC	2285
GGTGG	1671
GGTGT	2339
GGTTA	1071
GGTTC	3013
GGTTG	2171
GGTTT	2044
GTAAA	2024
GTAAC	1605
GTAAG	1135
GTAAT	1443
GTACA	1741
GTACC	1520
GTACG	2796
GTACT	1346
GTAGA	1190
GTAGC	1173
GTAGG	682
GTAGT	886
GTATA	1836
GTATC	2241
GTATG	2063
GTATT	1934
GTCAA	4910
GTCAC	4205
GTCAG	2055
GTCAT	5213
GTCCA	2630
GTCCC	2765
GTCCG	4978
GTCCT	2191
GTCGA	8646
GTCGC	5613
GTCGG	5078
GTCGT	6067
GTCTA	1216
GTCTC	4168
GTCTG	2377
GTCTT	4449
GTGAA	3956
GTGAC	4217
GTGAG	2143
GTGAT	2884
GTGCA	1326
GTGCC	2525
GTGCG	2346
GTGCT	2173
GTGGA	2027
GTGGC	2287
GTGGG	1273
GTGGT	1365
GTGTA	1341
GTGTC	3233
GTGTG	1592
GTGTT	2444
GTTAA	1100
GTTAC	1534
GTTAG	609
GTTAT	1813
GTTCA	5158
GTTCC	3554
GTTCG	7686
GTTCT	3146
GTTGA	4310
GTTGC	2972
GTTGG	2058
GTTGT	2515
GTTTA	1474
GTTTC	3779
GTTTG	3172
GTTTT	3125
TAAAA	2866
TAAAC	1446
TAAAG	2158
TAAAT	1994
TAACA	1219
TAACC	1080
TAACG	1939
TAACT	935
TAAGA	1276
TAAGC	1059
TAAGG	814
TAAGT	977
TAATA	1154
TAATC	2105
TAATG	1216
TAATT	1212
TACAA	1878
TACAC	1346
TACAG	1173
TACAT	1673
TACCA	1105
TACCC	950
TACCG	2139
TACCT	813
TACGA	2551
TACGC	1955
TACGG	2366
TACGT	2638
TACTA	705
TACTC	1494
TACTG	918
TACTT	1891
TAGAA	1434
TAGAC	1136
TAGAG	1087
TAGAT	953
TAGCA	641
TAGCC	1118
TAGCG	1378
TAGCT	708
TAGGA	704
TAGGC	882
TAGGG	445
TAGGT	582
TAGTA	647
TAGTC	1064
TAGTG	674
TAGTT	1042
TATAA	1813
TATAC	1820
TATAG	1416
TATAT	1879
TATCA	2016
TATCC	1892
TATCG	3682
TATCT	1358
TATGA	2668
TATGC	1623
TATGG	1973
TATGT	1581
TATTA	1223
TATTC	2031
TATTG	1884
TATTT	2513
TCAAA	5271
TCAAC	4290
TCAAG	5028
TCAAT	4490
TCACA	2358
TCACC	3060
TCACG	5342
TCACT	2498
TCAGA	1604
TCAGC	2644
TCAGG	1517
TCAGT	2102
TCATA	2609
TCATC	8428
TCATG	4669
TCATT	3251
TCCAA	2951
TCCAC	2052
TCCAG	1665
TCCAT	3545
TCCCA	1927
TCCCC	1975
TCCCG	4551
TCCCT	1442
TCCGA	3714
TCCGC	3594
TCCGG	3996
TCCGT	4321
TCCTA	751
TCCTC	3549
TCCTG	1708
TCCTT	2483
TCGAA	7053
TCGAC	8867
TCGAG	8475
TCGAT	8118
TCGCA	2822
TCGCC	6910
TCGCG	5319
TCGCT	4368
TCGGA	3844
TCGGC	6361
TCGGG	3994
TCGGT	5677
TCGTA	2510
TCGTC	11918
TCGTG	3931
TCGTT	4888
TCTAA	1059
TCTAC	1128
TCTAG	523
TCTAT	1879
TCTCA	2563
TCTCC	2367
TCTCG	5851
TCTCT	2083
TCTGA	1653
TCTGC	1622
TCTGG	1764
TCTGT	2165
TCTTA	1338
TCTTC	6440
TCTTG	4426
TCTTT	4034
TGAAA	4389
TGAAC	5379
TGAAG	5234
TGAAT	3451
TGACA	2837
TGACC	3553
TGACG	8327
TGACT	1951
TGAGA	2476
TGAGC	3442
TGAGG	2041
TGAGT	1797
TGATA	2041
TGATC	2921
TGATG	5155
TGATT	4336
TGCAA	1883
TGCAC	1276
TGCAG	1433
TGCAT	1785
TGCCA	2252
TGCCC	1733
TGCCG	4880
TGCCT	1826
TGCGA	2911
TGCGC	2331
TGCGG	2615
TGCGT	2362
TGCTA	693
TGCTC	4156
TGCTG	1831
TGCTT	2432
TGGAA	3141
TGGAC	2708
TGGAG	1944
TGGAT	2481
TGGCA	2215
TGGCC	2610
TGGCG	4215
TGGCT	1986
TGGGA	1814
TGGGC	1813
TGGGG	1298
TGGGT	1343
TGGTA	1115
TGGTC	2448
TGGTG	1802
TGGTT	1888
TGTAA	1413
TGTAC	1638
TGTAG	1010
TGTAT	1966
TGTCA	2728
TGTCC	2627
TGTCG	4980
TGTCT	2211
TGTGA	2264
TGTGC	1317
TGTGG	1401
TGTGT	1397
TGTTA	1139
TGTTC	4921
TGTTG	3227
TGTTT	3070
TTAAA	2194
TTAAC	1176
TTAAG	888
TTAAT	1534
TTACA	1450
TTACC	1287
TTACG	2115
TTACT	1289
TTAGA	1106
TTAGC	753
TTAGG	591
TTAGT	690
TTATA	1825
TTATC	2348
TTATG	1898
TTATT	2206
TTCAA	6445
TTCAC	3802
TTCAG	2413
TTCAT	5329
TTCCA	2979
TTCCC	2980
TTCCG	4124
TTCCT	2487
TTCGA	7065
TTCGC	4574
TTCGG	4661
TTCGT	5588
TTCTA	1337
TTCTC	3896
TTCTG	2039
TTCTT	5385
TTGAA	6519
TTGAC	4930
TTGAG	2467
TTGAT	5167
TTGCA	1870
TTGCC	3232
TTGCG	2831
TTGCT	2897
TTGGA	2961
TTGGC	3323
TTGGG	1507
TTGGT	2061
TTGTA	1737
TTGTC	3647
TTGTG	1620
TTGTT	4116
TTTAA	2167
TTTAC	2053
TTTAG	1206
TTTAT	2736
TTTCA	4233
TTTCC	2874
TTTCG	4634
TTTCT	3225
TTTGA	5346
TTTGC	2325
TTTGG	2635
TTTGT	2938
TTTTA	2722
TTTTC	3904
TTTTG	3845
TTTTT	5676
