k-mer	GIC31_pro_Count
AAAAA	13
AAALA	13
AAALL	11
AAAVI	10
AAGAV	11
AAGNG	11
AAIAA	11
AAIEA	16
AALEA	11
AALGL	11
AALVA	11
AARAG	16
AASLA	14
AASLL	10
AAVIR	11
ADLVL	10
AEAEA	13
AEALA	10
AERIA	10
AERLK	11
AGAAL	11
AGAVL	14
AGAVV	11
AGGLL	20
AGKST	19
AGKTT	18
AGLLL	11
AGLVA	10
AGNGG	10
AIALL	14
AIARA	10
AIAVA	11
AIDRL	10
AIEAA	12
AIEAG	10
AIGLG	13
AIGLV	10
AIGVL	10
AKAAL	10
AKAEA	11
ALAAA	12
ALAAG	13
ALAAS	11
ALAEA	18
ALAIA	11
ALALA	13
ALALL	14
ALEAG	14
ALGAA	10
ALGLA	10
ALGLS	12
ALGLT	10
ALIGL	10
ALLEA	15
ALLIG	11
ALLLL	11
ALLLS	10
ALRLA	11
ALSGI	13
ALTGI	10
ALVLA	11
ALVVL	10
APALA	12
APYEL	10
ARAGE	11
ARALA	11
ARLEE	10
ASLLA	10
ASLLL	10
AVAEA	10
AVIGA	12
AVIRR	10
AVLAA	11
AVLLA	11
AVLSS	12
AVNTF	10
AVVAG	10
AVVAS	11
DALAA	10
DEALA	12
DEATS	10
DEGLR	12
DELLE	14
DEPTN	15
DEVVA	10
DKTGT	10
DVEAA	15
DVERL	14
EAAAA	10
EAAKA	10
EAALA	11
EAARA	21
EAARL	11
EAERL	22
EAGEV	10
EAIEA	10
EALQA	10
EALTG	10
EALVE	11
EAVER	11
EEAKA	13
EEAKR	10
EEIAS	10
EELAE	11
EELEK	10
EEVAA	13
EGLRV	10
EKATA	10
ELADL	11
ELAER	12
ELEAE	10
ELEAL	11
ELERL	14
ELGYT	12
ELIEA	12
ELKQL	10
ELLAR	12
ELLER	11
ELLLA	10
ELRTP	12
ELSGG	12
ELVDV	10
EQARL	10
ERIEA	11
ERLLA	10
ERLLE	11
ERLVR	10
ESLME	10
ESLVI	10
ETLLA	10
ETLVA	10
EVEAA	10
EVERL	15
FAVVA	13
GAAIA	10
GAALA	11
GAALV	10
GADDY	11
GADVV	10
GAGAV	10
GAGKS	20
GAGKT	19
GAGLA	10
GAILA	10
GALAV	10
GALLA	11
GALLV	11
GAVVL	10
GFAVV	13
GGEEF	11
GGLLS	10
GGTGL	13
GGTLT	12
GIDLG	10
GIIGA	10
GIIGR	10
GKSTL	35
GKSTT	12
GKTTL	22
GKTTT	15
GKTVV	10
GLAIA	14
GLGLA	18
GLGLV	12
GLILL	12
GLITL	10
GLLLG	10
GLLLL	12
GLLSL	13
GLRVV	10
GLVAL	10
GLVHT	10
GPSGS	10
GRKAR	10
GRTSA	10
GSEAA	11
GSGKS	32
GSGKT	20
GTGKT	24
GTGLG	12
GTLTV	13
GTLVA	10
GVAVG	10
GVGKT	17
GYTRA	12
HELRT	11
HTTRV	10
IARAL	10
IDALK	10
IDEAL	11
IDRVL	10
IEAAR	21
IEAGA	11
IELTE	11
IEREL	10
IGAGA	13
IGAGL	13
IGAVL	12
IGIIG	10
IGLAI	10
IGLGL	11
IGLIL	11
IGLLA	10
IGLLV	11
IGLVI	10
IGRKA	10
IGVAV	10
IIGGL	10
IIGLL	11
IIGRK	10
ILDEA	12
ILDEP	11
ILLAL	15
ILLDE	11
ILLFL	10
IVALI	11
IVIGG	10
KAEVE	11
KAVLS	11
KIEGL	10
KRLIE	10
KRLRA	10
KSTLL	17
KTGTL	12
LAAAL	10
LAACG	12
LAALA	10
LAALL	12
LAASL	11
LAEAI	11
LAGLA	11
LAGLL	11
LAIGL	10
LALAL	15
LALGL	12
LALIV	12
LALLS	12
LALNA	11
LALVI	10
LALVL	10
LARLA	10
LATLL	12
LAVAL	10
LAVLA	10
LAVLL	10
LDDLV	10
LDEAR	10
LDEAT	10
LDELL	11
LDEPT	23
LDEVE	12
LDQLV	10
LEAAK	10
LEAEG	15
LEALL	10
LEELE	10
LEQLE	11
LERIE	10
LERLG	11
LERLL	11
LFALL	11
LFLLI	12
LFVGL	12
LGALL	11
LGLAI	17
LGLAL	11
LGLGA	10
LGLLV	10
LGLPL	10
LGLTI	10
LGVIV	10
LIAFL	10
LIALA	10
LIEQA	10
LIGLA	11
LIGLV	10
LILDE	14
LILLV	14
LIVIG	11
LLAAI	11
LLAAL	11
LLAGL	13
LLALI	16
LLALL	13
LLALN	10
LLAVL	10
LLDEP	18
LLDET	10
LLDVL	11
LLEAA	16
LLEAL	11
LLEDV	11
LLEEG	10
LLERL	10
LLIAL	15
LLIGG	10
LLILL	12
LLIVL	10
LLLAG	16
LLLDE	14
LLLFL	10
LLLGI	10
LLLGV	10
LLLIG	10
LLLLA	12
LLLLI	10
LLLLL	12
LLLLV	15
LLLVG	10
LLLVI	10
LLSAL	10
LLSLL	11
LLSLM	11
LLTLL	12
LLVAG	10
LLVGL	15
LLVLF	15
LLVLS	11
LMEQR	10
LRELG	11
LRTPL	11
LRVVK	10
LSALA	10
LSGGE	20
LSGGQ	25
LSGII	13
LTEAE	11
LTELG	11
LTLAA	10
LTLLA	11
LVAAL	10
LVALG	11
LVALL	13
LVAVL	10
LVDGE	10
LVDRV	11
LVEAG	14
LVEEA	10
LVERL	11
LVGLG	10
LVHTA	10
LVIAG	13
LVIGA	17
LVLLL	10
LVLLV	13
LVLVA	10
MDESL	10
MDGTK	10
NGAGK	16
NGSGK	12
NLLAL	12
NYVPA	10
PALAA	10
PGTGK	11
QALEA	12
QLSGG	10
QTNLL	12
RATMD	11
REALA	10
RKARA	12
RLLDE	10
RLLEA	10
RLLEE	10
RLLER	10
RLQLA	12
RQERL	12
RVNDE	10
SAAGN	10
SEAAR	14
SESLV	12
SGGQR	10
SGIIG	12
SGKST	22
SGKTT	14
SGSGK	16
SHELR	10
SIEAA	12
SLALL	11
SLDEL	10
SLVIA	11
TGLGL	11
TGSGK	16
TGTLT	11
TKGSE	10
TLAAL	10
TLEEV	10
TLLIV	10
TLLLL	10
TLTVP	12
TMDGT	10
TNLLA	14
TSAAG	10
TTKPA	10
TTTTT	10
VAALL	10
VALLI	10
VALVG	13
VAVAL	10
VDAAL	14
VEAAL	11
VEAAR	10
VEAAV	10
VERLL	10
VGALL	13
VGKST	10
VGLGL	10
VHTAR	10
VIGAG	19
VIGGG	16
VIGSG	11
VIVIG	10
VLAAL	10
VLASL	11
VLFAL	11
VLILL	10
VLLAL	10
VLLLG	10
VLLLI	10
VLLVL	14
VLSSD	10
VLVLL	11
VLVVG	10
VPAAA	10
VPALL	11
VSHEL	11
VVAAG	10
VVLLV	10
VVSLL	10
YTRAT	11
