k-mer	Rleg_pro_Count
AAAAA	127
AAAAD	26
AAAAE	42
AAAAF	15
AAAAG	57
AAAAI	39
AAAAK	11
AAAAL	87
AAAAP	24
AAAAR	35
AAAAS	10
AAAAT	27
AAAAV	47
AAADA	24
AAADL	13
AAAEA	43
AAAEG	11
AAAEI	10
AAAEK	11
AAAEL	13
AAAER	13
AAAET	10
AAAFA	11
AAAFG	12
AAAGA	52
AAAGG	24
AAAGI	24
AAAGL	44
AAAGR	10
AAAGS	22
AAAIA	53
AAAIG	23
AAAIL	26
AAAIR	24
AAAKA	41
AAAKT	11
AAALA	108
AAALD	34
AAALE	38
AAALG	58
AAALI	22
AAALL	48
AAALP	34
AAALR	43
AAALS	38
AAALT	13
AAALV	31
AAAPA	45
AAAPV	15
AAAQA	10
AAARA	47
AAARE	13
AAARL	40
AAARR	38
AAASA	24
AAASG	29
AAASL	26
AAASR	11
AAASV	14
AAATA	46
AAAVA	60
AAAVG	31
AAAVI	10
AAAVL	24
AAAVT	10
AADAA	36
AADAV	11
AADFA	10
AADGS	10
AADLA	27
AADRL	11
AAEAA	50
AAEAE	10
AAEAG	11
AAEAL	21
AAEDA	11
AAEEA	10
AAEGA	11
AAEKA	24
AAELA	30
AAELG	24
AAERA	12
AAERD	12
AAERL	33
AAFAA	46
AAFAG	12
AAFAL	32
AAGAA	46
AAGAG	24
AAGAI	13
AAGAL	10
AAGAV	11
AAGDA	10
AAGFA	11
AAGGD	10
AAGIA	25
AAGIL	11
AAGIS	12
AAGIV	11
AAGLA	36
AAGLD	13
AAGLG	35
AAGLL	13
AAGLP	24
AAGLS	11
AAGLT	12
AAGLV	11
AAGRL	13
AAGSA	11
AAGSG	14
AAGVA	27
AAGVT	10
AAIAA	83
AAIAG	25
AAIAL	16
AAIAR	12
AAIDA	12
AAIEA	46
AAIGA	13
AAIGG	11
AAIGL	11
AAILA	25
AAIRA	10
AAIRE	10
AAIRG	10
AAISA	12
AAIVL	10
AAKAA	43
AAKAG	10
AAKLA	10
AAKPA	11
AAKRD	20
AAKRL	25
AALAA	117
AALAD	10
AALAE	47
AALAF	12
AALAG	60
AALAI	12
AALAL	51
AALAP	10
AALAR	36
AALAS	31
AALAT	11
AALAV	50
AALDA	17
AALDE	10
AALDG	23
AALDL	10
AALEA	29
AALEE	22
AALER	11
AALFL	10
AALGA	35
AALGG	13
AALGI	11
AALGL	29
AALGV	22
AALIA	40
AALIG	23
AALKA	45
AALKD	10
AALLA	64
AALLG	31
AALLL	35
AALLR	11
AALLS	38
AALLT	10
AALLV	10
AALPA	23
AALRA	31
AALRL	11
AALRR	20
AALSA	41
AALSL	20
AALTA	33
AALVA	52
AALVS	10
AALVT	10
AALVV	11
AAMAA	14
AAMVE	10
AANAL	29
AAPAA	38
AAPAL	10
AAPAP	12
AAPAS	11
AAPVA	11
AAQAA	10
AARAA	53
AARAE	11
AARAG	69
AARAL	30
AAREA	32
AARHL	10
AARID	10
AARLA	43
AARLG	14
AARLL	26
AARLR	14
AARNA	10
AARRA	28
AARRL	18
AASAA	33
AASAL	12
AASAV	10
AASGS	14
AASLA	28
AASLG	10
AASLL	10
AASLV	11
AASPA	11
AASVA	25
AATAA	46
AATAL	14
AATGA	10
AATLA	25
AATQA	12
AATTA	10
AAVAA	67
AAVAD	10
AAVAG	34
AAVAL	36
AAVAQ	10
AAVAS	10
AAVAV	20
AAVDA	37
AAVEA	25
AAVGA	10
AAVIG	11
AAVIV	10
AAVLA	48
AAVLG	11
AAVLL	23
AAVSA	10
AAVTA	11
AAVVA	10
ADAAA	42
ADAAG	13
ADAAR	12
ADAGI	10
ADAIA	11
ADALA	40
ADAVA	11
ADCKN	18
ADEPT	38
ADGTV	10
ADIAA	13
ADIDA	11
ADLAA	27
ADLAE	14
ADLAK	10
ADLAR	11
ADLDA	11
ADLIV	11
ADLLA	13
ADRAA	11
ADRIV	12
ADRLV	10
ADTLG	10
ADTLI	13
ADVAA	10
ADVAR	10
AEAAA	42
AEAAE	11
AEAAK	13
AEAAL	22
AEAAR	48
AEAEA	22
AEAFL	11
AEAGA	10
AEAGL	11
AEAIA	12
AEALA	27
AEALG	15
AEAVR	21
AEEAA	11
AEEAG	11
AEEIA	10
AEGRL	23
AEIAA	41
AEIAR	13
AELAA	24
AELAR	12
AELTA	10
AENSH	16
AERAA	22
AERAV	10
AERDI	10
AERLA	16
AERLG	10
AERLR	10
AERRA	11
AETAA	10
AETGA	10
AEVAA	11
AFAAA	42
AFAAG	11
AFAAP	14
AFAGL	10
AFLAA	10
AFNAL	13
AFQTN	13
AGAAA	41
AGAAG	15
AGAAL	32
AGAAS	10
AGADT	19
AGADV	10
AGAGA	12
AGAGS	11
AGAIV	14
AGALL	22
AGASA	11
AGAVA	10
AGAVT	10
AGDAL	10
AGDAV	10
AGDDI	10
AGDSV	10
AGEAG	23
AGEIL	11
AGERL	21
AGFAL	11
AGFIG	21
AGGLL	12
AGIAA	28
AGIAG	10
AGIAL	20
AGILA	12
AGILL	11
AGIPV	10
AGIVG	12
AGKAA	10
AGKGF	12
AGKST	58
AGKTT	30
AGLAA	62
AGLAD	10
AGLAG	13
AGLAI	10
AGLAL	10
AGLAV	16
AGLDA	10
AGLGL	24
AGLLA	33
AGLLG	10
AGLLL	23
AGLLV	21
AGLPL	10
AGLRL	10
AGLSA	12
AGLTA	10
AGLVA	33
AGLVL	10
AGNDT	16
AGRLA	13
AGRLV	13
AGSGD	11
AGTWK	10
AGVAA	11
AGVAG	10
AGVEA	26
AGVTT	11
AIAAA	71
AIAAE	10
AIAAG	48
AIAAL	50
AIAAR	22
AIAAS	11
AIAAT	10
AIAAV	20
AIADA	10
AIAEA	26
AIAGL	12
AIALA	29
AIALL	14
AIALV	10
AIARA	62
AIAVA	25
AIEAA	25
AIERN	18
AIGAG	10
AIGAL	10
AIGIA	10
AIGRA	13
AIIAA	10
AIIAL	14
AIIGA	10
AILAA	38
AILAG	27
AILLA	11
AISAA	10
AITAA	10
AITGA	12
AIVAL	11
AKAAA	13
AKAAE	12
AKAAG	34
AKADG	10
AKALA	11
AKALG	10
AKAVD	10
AKELG	14
AKGLS	10
AKIGE	10
AKLAG	10
AKRDV	15
AKRLL	21
ALAAA	97
ALAAD	14
ALAAE	40
ALAAG	57
ALAAI	42
ALAAL	80
ALAAR	40
ALAAS	46
ALAAT	22
ALAAV	54
ALADA	36
ALADL	24
ALADR	21
ALAEA	41
ALAER	11
ALAFA	23
ALAGA	39
ALAGG	23
ALAGL	45
ALAGR	21
ALAIA	17
ALAIG	10
ALALA	61
ALALD	14
ALALG	10
ALALI	10
ALALL	33
ALALV	12
ALAQA	10
ALARA	35
ALARL	10
ALARR	19
ALARS	11
ALART	10
ALASA	13
ALASG	10
ALATA	24
ALATL	11
ALAVA	39
ALAVL	32
ALDAA	22
ALDEL	11
ALDGA	10
ALDVS	10
ALDVT	17
ALEAA	29
ALEAG	10
ALEAL	10
ALEAV	12
ALEEA	10
ALERA	23
ALERL	12
ALETA	10
ALGAA	35
ALGAL	13
ALGFW	11
ALGGA	10
ALGGL	13
ALGIA	10
ALGKA	10
ALGLA	28
ALGLG	11
ALGLL	27
ALGSA	10
ALGVA	13
ALIAA	30
ALIAR	21
ALIAV	10
ALKAA	21
ALLAA	61
ALLAE	39
ALLAF	12
ALLAG	20
ALLAL	45
ALLEA	10
ALLGA	21
ALLGI	11
ALLGK	12
ALLGL	21
ALLIA	25
ALLLA	39
ALLLL	37
ALLPV	13
ALLSL	13
ALLVA	14
ALMAA	10
ALNAA	10
ALNAG	28
ALNAL	25
ALPAA	12
ALQAA	11
ALRAA	10
ALRER	16
ALRLA	20
ALRRL	12
ALRST	10
ALSAA	18
ALSAG	11
ALSAL	24
ALSAV	10
ALSGA	10
ALSKW	34
ALSLA	11
ALSLL	10
ALSLS	12
ALSRA	10
ALSRL	10
ALTAA	38
ALTAS	10
ALTLA	10
ALTLL	12
ALVAA	46
ALVAL	15
ALVEA	11
ALVGA	10
ALVGE	11
ALVLA	12
ALVTG	22
ALYPH	22
AMAAA	24
AMALA	11
AMAQW	16
AMLAA	10
AMTMA	10
AMVFQ	33
ANAAA	10
ANAFN	12
ANALA	27
ANALN	17
ANDAA	10
ANVEN	14
APAAA	29
APAAL	10
APAAP	13
APALA	25
APAPA	25
APDLA	10
APLLA	12
APSRA	10
AQAAL	11
AQEVA	10
AQEVR	12
AQGVA	13
AQRSA	24
AQWKA	16
ARAAA	35
ARAAE	13
ARAAG	34
ARAAL	11
ARAAR	10
ARAEA	10
ARAGD	11
ARAGE	38
ARAIA	22
ARAKG	12
ARALA	84
ARALG	11
ARALI	15
ARALV	10
ARARA	13
ARAVA	22
ARAVW	20
AREAA	11
ARELG	12
AREVG	15
ARIAA	10
ARIEA	10
ARKLL	10
ARLAA	44
ARLAD	10
ARLAE	10
ARLAG	30
ARLAR	11
ARLGG	11
ARLGL	10
ARLLA	13
ARLVA	11
ARRLA	46
ARRLG	10
ARRTR	10
ARVLA	13
ASAAA	28
ASAAL	22
ASAEA	10
ASAET	12
ASAIA	11
ASALA	11
ASALG	11
ASAVA	10
ASEAA	11
ASGAG	12
ASGKL	11
ASLAA	27
ASLAE	10
ASLEE	10
ASLLA	23
ASLLD	11
ASLNG	10
ASLSF	10
ASRAA	10
ASSGI	11
ASYTL	11
ATAAA	20
ATAAI	11
ATAIA	10
ATALA	25
ATGGG	11
ATHIH	12
ATIAA	10
ATLAA	22
ATLAS	11
ATPEG	11
ATQAL	11
ATSAL	10
ATVAA	10
ATVEA	11
AVAAA	72
AVAAE	11
AVAAF	10
AVAAG	38
AVAAI	10
AVAAL	36
AVAAR	12
AVAAV	11
AVADA	22
AVADL	11
AVAEA	10
AVAGA	36
AVAGG	23
AVAGL	12
AVAIA	10
AVAIG	10
AVALA	48
AVALL	11
AVARA	26
AVARL	10
AVASA	13
AVAVA	21
AVDAA	10
AVDQD	20
AVEAA	36
AVEAG	13
AVGAA	13
AVGAL	10
AVIAA	21
AVIAG	12
AVIAV	10
AVIGA	10
AVKAA	11
AVLAA	59
AVLAG	25
AVLGA	10
AVLGG	11
AVLLA	29
AVLLL	10
AVLLP	11
AVQAA	10
AVRNL	14
AVSAA	24
AVSDT	10
AVTAA	14
AVTGA	10
AVVAA	22
AVVAL	11
AVVAQ	25
AVVLA	12
AVWLY	20
AYARQ	11
CGKST	49
CKNAA	20
DAAAA	16
DAAAL	16
DAAKA	10
DAAKR	11
DAALA	16
DAARA	23
DAARR	25
DAAVA	10
DAGLA	10
DAIAA	27
DAKLR	10
DALAA	44
DALLP	11
DAPNL	12
DAVAA	14
DAVLL	10
DCKNA	18
DDDDD	11
DEAAA	11
DEIAF	11
DEIVQ	19
DEPLL	10
DEPLS	34
DEPTA	22
DEPTL	20
DEPTS	41
DEPTT	15
DEVVI	22
DGEAA	10
DGIEV	12
DGRDR	12
DGTAS	10
DGYVL	21
DILVN	13
DIWHL	18
DKLRS	19
DLAAA	38
DLAER	11
DLARR	10
DLAVG	11
DLDAA	27
DLFGG	11
DNAGD	10
DQDGY	19
DRIAV	10
DRIVR	10
DRIVV	11
DRLAA	21
DRLDD	10
DTADC	24
DTKAA	13
DTLDG	10
DTLIG	14
DTLNG	12
DVAAA	11
DVMPG	10
EAAAA	34
EAAAK	10
EAAAL	39
EAAAR	48
EAAFA	12
EAAGA	13
EAAGI	11
EAAGL	10
EAAGR	10
EAAIA	13
EAAKA	11
EAALA	33
EAARA	77
EAARE	11
EAARL	31
EAARR	23
EAAVA	11
EAAVD	10
EAEAA	11
EAERR	10
EAFLG	10
EAGAA	10
EAIAA	28
EALAA	60
EALAG	11
EALAR	20
EALAS	10
EALGR	10
EALRE	12
EALRL	13
EALRR	10
EALSA	11
EALTA	10
EAMTM	10
EARAA	14
EARRL	15
EAVAA	11
EAVRR	21
EEAAR	20
EEALA	22
EEALR	11
EEARA	14
EEARR	10
EEGLL	10
EEMLL	19
EETAA	21
EGTDT	12
EHRSH	17
EIAKA	11
EIARA	14
EIARL	11
EIGRL	10
EIVQT	12
EKAGA	10
EKLAA	22
ELAAA	12
ELAAR	10
ELAEA	10
ELAER	10
ELALA	10
ELAQR	23
ELARR	10
ELLAR	17
ELLEL	10
ELLVD	12
ELSGG	31
ELVRL	10
EMLLE	19
ENGAG	20
ENLTY	10
ENSHV	12
EPLSN	30
EPTLR	16
EPTSA	15
EPTTA	15
ERAAA	12
ERAAK	10
ERARL	10
ERGIV	21
ERLAA	21
ERLRA	12
ERLVE	10
ERMMQ	11
ERNDV	13
ESAQS	10
ESGSG	38
ETAAA	34
ETAIA	10
ETIRR	22
ETLRR	10
EVANA	12
EVREL	33
EVTRV	11
EVVIS	21
FAAAA	10
FAAGL	10
FAALL	11
FAGTG	10
FAVVA	40
FDEPL	27
FGTAY	11
FISVF	12
FLFDE	21
FLGLG	10
FNALS	14
FPLSL	19
FPPQI	19
FQSYA	25
FQTNL	13
FRFPL	19
FRSVG	13
FSAVR	12
FTGST	10
FVAGF	23
FVAPH	12
GAAAA	45
GAAAG	10
GAAAL	29
GAAAV	10
GAAFA	11
GAAGL	10
GAAGS	10
GAAKR	11
GAALA	42
GAALI	22
GAALL	10
GAALR	10
GAALS	10
GAASA	11
GAAVA	10
GAAVG	10
GAAYA	10
GADAA	11
GADAL	11
GADTL	20
GADVA	10
GADVV	10
GAGDD	12
GAGIV	11
GAGKS	64
GAGKT	43
GAGLA	10
GAGND	22
GAGSV	10
GAIAG	10
GAIVL	10
GALAA	10
GALAG	28
GALAL	11
GALDA	10
GALIG	22
GALLA	27
GALLI	11
GALLL	10
GALSS	11
GANDA	10
GANVE	10
GARVA	12
GASLA	12
GATLV	10
GAVAA	27
GCGKS	52
GDAVS	11
GDGAL	11
GDSVT	10
GEAAA	12
GEILA	10
GELTL	11
GESGS	40
GFAAA	10
GFAVV	27
GFIGS	10
GFRSV	17
GGAAA	21
GGAGA	11
GGAGD	12
GGAGN	22
GGAIA	20
GGAVL	10
GGGGG	37
GGGGN	10
GGLAA	10
GGLQR	12
GGMRQ	11
GGNQQ	20
GGQKH	10
GGQQQ	31
GGQRQ	81
GIAAA	42
GIAAG	11
GIAGL	10
GIARA	10
GIDLS	14
GIGAA	23
GIGLA	21
GIGRA	12
GILLI	10
GIPVV	11
GIRES	10
GIRPE	11
GIVVS	21
GIYGS	10
GKGFA	27
GKSTI	13
GKSTL	146
GKTTL	47
GKTTT	11
GLAAA	58
GLAAG	36
GLAAL	47
GLAAV	24
GLAGA	10
GLAGL	30
GLAIA	21
GLALA	27
GLALL	14
GLALS	13
GLALV	12
GLARA	14
GLAVA	10
GLGIA	10
GLGLA	38
GLGLG	10
GLGLS	10
GLIAA	10
GLLAA	10
GLLAG	27
GLLAL	21
GLLGG	10
GLLKA	12
GLLLA	26
GLLLI	11
GLNNR	16
GLQRF	16
GLSPK	14
GLTAA	10
GLTAL	11
GLTVA	10
GLVAA	12
GLVLA	11
GMRQR	11
GMVFQ	12
GNDTL	16
GPNGA	20
GPSGC	37
GPSGS	13
GPVPV	10
GQQQR	28
GQRQR	73
GRAIV	10
GRIVE	10
GRKFG	12
GRLAA	15
GRLGG	10
GSAGA	12
GSGKS	82
GSGKT	60
GTALA	11
GTAYA	11
GTDTV	11
GTGLG	25
GTGNS	10
GTWKD	10
GVAAA	24
GVAAL	10
GVAGT	10
GVANA	19
GVEAA	13
GVEHR	13
GVLAA	11
GVLLA	10
GVVAA	14
GYVLD	19
HELSG	10
HIHRI	16
HKGLN	17
HLDEV	21
HRFPP	19
HRIRA	16
HRSHK	16
HSALA	10
HVPLR	12
HWLWR	20
IAAAA	57
IAAAE	11
IAAAI	13
IAAAK	10
IAAAL	45
IAAAR	37
IAAAS	11
IAAAV	36
IAAGA	24
IAAGL	11
IAAIA	10
IAALA	31
IAALL	13
IAARL	20
IAASL	11
IAATA	10
IAAVA	20
IAAVI	11
IAAVL	12
IADEP	14
IADLL	10
IAEAA	10
IAFQT	24
IAGAL	10
IAGLA	20
IAGLE	15
IAGLG	22
IAGLV	22
IAIAR	12
IAKAL	10
IALAA	14
IALAL	22
IALLL	12
IALLP	10
IAMVF	24
IAPDL	10
IARAA	13
IARAL	72
IARAV	20
IASLL	11
IAVAA	11
IDAAL	10
IDEIA	25
IEAAR	37
IERND	13
IGAAA	22
IGAAL	17
IGALA	11
IGGAA	10
IGGAG	21
IGGRK	10
IGIAA	13
IGLAA	12
IGLAL	12
IGRRL	12
IHRIR	16
IIARA	19
IIGGA	10
IIGVI	10
ILAAA	21
ILAAL	32
ILDEP	13
ILLAA	13
ILVNN	12
IRAAL	10
IRAMA	17
IRDRG	10
IRRWG	12
IRVNA	12
ISAAA	10
ISIGG	18
ISVFS	12
ITHDL	12
IVAAA	10
IVAGL	13
IVDDD	11
IVGES	10
IVLAA	11
IVLLL	11
IVQTR	12
IVTDK	12
IVVAI	10
IVVSY	17
IWHLD	18
IYVTH	12
KAAGL	10
KAAKR	17
KAEAA	12
KAEAE	10
KAEAR	10
KAGAD	12
KALAA	23
KALAE	10
KALDE	10
KALEA	10
KALNA	11
KAVTA	10
KDIWH	16
KFGTA	10
KGFAV	34
KGLNN	18
KHWLW	21
KKPSR	15
KKQGL	15
KLAAA	12
KLRSY	19
KNAAN	20
KNHRF	17
KPSRK	15
KQGLS	12
KRDLS	10
KRDVM	13
KRERM	11
KRIVT	12
KRLLV	18
KSTLI	11
KSTLL	61
KTTLL	23
KVALA	10
KWPDT	26
LAAAA	74
LAAAE	29
LAAAG	71
LAAAI	31
LAAAK	10
LAAAL	79
LAAAR	48
LAAAS	25
LAAAV	24
LAADI	10
LAAEG	27
LAAEL	23
LAAGA	26
LAAGG	26
LAAGL	28
LAAGR	10
LAAGV	11
LAAIA	26
LAAIG	15
LAAIL	12
LAAIR	16
LAALA	83
LAALD	10
LAALE	20
LAALG	52
LAALI	13
LAALL	57
LAALP	10
LAALR	24
LAALS	12
LAALT	13
LAAPA	11
LAARA	12
LAARL	25
LAARP	11
LAASA	22
LAASG	20
LAASL	24
LAATA	23
LAATG	12
LAATL	23
LAAVA	17
LAAVI	10
LAAVL	21
LADAG	11
LADAL	11
LADEP	25
LADGR	13
LADIA	10
LADLA	10
LADRA	15
LADRI	13
LADVA	10
LAEAA	23
LAEAG	35
LAEAL	14
LAELA	10
LAERA	14
LAERL	24
LAERR	12
LAFAA	22
LAFAG	11
LAGAA	13
LAGAD	10
LAGAG	12
LAGAL	32
LAGGL	10
LAGIA	23
LAGKA	10
LAGLA	37
LAGLG	20
LAGLL	26
LAGLV	10
LAGRL	29
LAGSL	10
LAGTV	10
LAGVA	11
LAGVL	10
LAGVS	13
LAIAA	27
LAIAL	24
LAIGA	11
LAILA	10
LAKAG	11
LAKEL	10
LALAA	56
LALAG	51
LALAI	12
LALAL	25
LALAR	10
LALAV	11
LALEA	22
LALGA	12
LALGL	38
LALIA	20
LALLA	22
LALLG	29
LALLL	30
LALNA	39
LALVG	11
LAPLA	10
LAQAI	10
LAQRS	22
LARAA	14
LARAI	10
LARAL	45
LAREL	10
LARIA	12
LARLA	28
LARLF	10
LARLG	10
LARLL	10
LARRL	23
LARSA	12
LARSL	10
LASAA	12
LASAL	11
LASEA	10
LASGD	10
LASLA	14
LATAA	10
LATAL	10
LATGA	10
LAVAA	11
LAVAG	22
LAVAL	17
LAVAR	11
LAVAV	11
LAVIG	10
LAVLA	46
LAVLS	10
LDAAA	21
LDAAG	12
LDAAK	10
LDAAL	12
LDAKL	10
LDALR	24
LDEIV	21
LDELL	12
LDEPT	58
LDEVV	21
LDGTA	10
LDRLA	10
LEAAG	22
LEAAR	21
LEAIA	12
LEALA	10
LEKAG	11
LELGG	11
LERGI	21
LERLR	11
LFAAI	10
LFDEP	33
LFLAA	12
LFVAG	10
LFVAP	13
LGAAA	20
LGAAG	10
LGAAL	24
LGALA	12
LGALL	26
LGAMK	10
LGANV	10
LGGQA	12
LGIAA	12
LGIAL	11
LGLAA	36
LGLAI	23
LGLAL	32
LGLAV	10
LGLGA	25
LGLGL	11
LGLLA	14
LGLLL	10
LGLVG	14
LGPSG	25
LGVAL	10
LGVRL	10
LIAAA	39
LIAAG	15
LIAAL	25
LIAAV	11
LIADE	23
LIAGA	16
LIAGL	12
LIASA	10
LIEAA	11
LIGAG	10
LIGAT	12
LIGGA	24
LIGLV	10
LIIGG	11
LILAA	10
LILDE	11
LKAAG	24
LKADG	10
LKEAG	10
LKKQG	17
LKRLG	10
LLAAA	61
LLAAG	36
LLAAI	11
LLAAL	52
LLAAS	12
LLAAT	12
LLAAV	12
LLAEA	15
LLAEG	12
LLAER	23
LLAFA	10
LLAGA	27
LLAGG	10
LLAGI	10
LLAGL	39
LLAGS	15
LLAIA	16
LLALA	43
LLALG	12
LLALL	23
LLALN	40
LLAQA	12
LLARL	12
LLATA	11
LLDAA	10
LLDAL	10
LLDEA	11
LLDEP	54
LLDLV	10
LLEAG	12
LLEGA	12
LLERG	31
LLERL	13
LLGAA	20
LLGLA	11
LLGLL	24
LLIAA	10
LLIAD	10
LLIGL	10
LLKKQ	14
LLLAA	40
LLLAG	21
LLLAL	35
LLLAV	11
LLLDE	43
LLLGA	12
LLLGL	10
LLLSA	10
LLLVA	11
LLPDR	10
LLPLA	10
LLPVL	11
LLRGE	12
LLSAL	10
LLSAT	10
LLSAV	12
LLSLA	12
LLVAL	16
LLVLA	24
LLVRL	21
LMDEP	10
LNAGV	12
LNAIA	11
LNALS	25
LNAQG	10
LNNRA	16
LPAAA	13
LPAAE	10
LPAAL	12
LPAAV	10
LPVLA	10
LQRFI	17
LRAAA	11
LRAAG	23
LRAAV	10
LRALG	10
LREAL	10
LREIY	10
LRGVS	10
LRKAG	10
LRKAL	11
LRKRE	15
LRLAG	10
LRLVE	12
LRMIA	10
LRMVE	11
LRNTL	16
LRRKK	16
LRRLG	24
LRRLL	10
LRRRL	10
LRSGA	13
LRSYG	13
LSAAA	27
LSAAL	23
LSAGA	10
LSALL	12
LSAVA	12
LSFLG	10
LSGAL	11
LSGGE	39
LSGGM	15
LSGGN	11
LSGGQ	128
LSKWP	33
LSLAA	24
LSLAL	11
LSLRL	10
LSLRM	11
LSNLD	29
LSPKR	12
LTAAA	28
LTAAG	29
LTAAL	10
LTAKR	12
LTALA	11
LTALG	10
LTALL	11
LTEAG	26
LTGLP	22
LTLEN	11
LTRRL	10
LTSGA	10
LTVAE	10
LTYNG	10
LVAAA	26
LVAAG	17
LVAAI	10
LVAAL	46
LVAEL	11
LVAGL	24
LVAIA	11
LVAIG	10
LVALA	21
LVALG	10
LVALL	26
LVASG	10
LVDEP	11
LVEAA	10
LVELS	11
LVGES	16
LVGFQ	10
LVGPS	11
LVIAA	11
LVIGA	10
LVLAA	26
LVLAL	12
LVLGA	10
LVLIG	10
LVLVG	11
LVNNA	26
LVRLL	21
LVTGA	20
LWRAV	19
LYFRF	20
LYPHM	10
MADRL	10
MAQWK	16
MDEPT	10
MLLER	22
MMQGF	12
MPGVE	14
MQGFR	16
MVDQL	10
MVEEM	11
MVFQD	10
MVFQS	26
NAAMV	11
NAANA	21
NAASG	10
NAFNA	12
NAGVE	11
NALAG	13
NALAR	14
NALLA	12
NALNA	18
NALSK	34
NAQEV	10
NAQGV	10
NDTLN	10
NGAGK	58
NHRFP	17
NLDAK	11
NLFVA	18
NLLAL	24
NNAGI	10
NNRAE	17
NRAEN	17
NSHVP	12
NTITG	10
NTLNA	14
NVENL	15
PAAAA	29
PAAAP	14
PAAEI	11
PAAIA	12
PAALA	11
PAAPA	27
PAAVA	10
PADAA	11
PADLA	11
PALAA	45
PAPAA	24
PAPAP	14
PAVAR	10
PDGSV	10
PDTAD	24
PEALA	10
PEEIA	10
PEGKK	11
PGVEH	13
PHMTV	10
PKRIV	12
PLAAA	11
PLLAA	10
PLLAG	10
PLRKR	16
PLSLR	19
PLSNL	31
PPPPP	19
PPQII	18
PQGVA	11
PQIIA	19
PSGCG	37
PSGSG	13
PSRAS	10
PSRKD	19
PTLRN	13
PTSAL	14
PTTAL	15
PVLAA	10
PVLYL	10
QAALD	10
QAPAA	10
QDGIE	10
QDGYV	19
QEVAN	10
QEVRE	11
QGDAV	10
QGFRS	16
QGLSP	12
QGVAN	15
QIIAR	18
QLRRK	15
QLSGG	68
QNAAM	11
QQNAA	10
QQQRV	25
QQRVA	27
QRFIS	16
QRQRV	45
QRVAI	53
QRVAL	11
QSYAL	24
QTNLL	14
QTRRD	13
QWKAV	16
RAAAA	27
RAAAE	11
RAAAL	15
RAAEI	12
RAAGI	20
RAAIA	22
RAALA	25
RAALS	10
RAARA	10
RAAVA	10
RAENS	17
RAGEA	12
RAGLA	22
RAIAA	21
RAIVR	12
RAKGL	15
RALAA	39
RALAL	10
RALAV	11
RALEL	10
RALLA	10
RAMAQ	17
RASAE	14
RATVE	13
RAVDQ	19
RAVWL	20
RDINA	11
RDLAA	12
RDLDA	10
RDRGA	10
RDTKA	12
RDVMP	13
REALA	13
REIYL	10
RELAQ	24
RELLV	12
RERMM	11
REVGT	10
RFISV	12
RFPLS	19
RFPPQ	19
RGALS	10
RGEIL	10
RGIAV	10
RGIVV	21
RGLAA	11
RHSAL	10
RIAAL	10
RIAIA	11
RIRAM	16
RIVAE	12
RIVTD	14
RIVVL	10
RKDIW	16
RKFGT	10
RKKPS	15
RKLLA	12
RKRER	16
RLAAA	31
RLAAE	27
RLAAG	11
RLAAL	30
RLAAR	10
RLADE	25
RLAEA	10
RLAGA	10
RLALA	10
RLARL	21
RLDAL	10
RLFGL	11
RLLAR	10
RLLEA	11
RLLKK	16
RLLVR	19
RLRAA	15
RLRAL	10
RLRRA	10
RLTAE	12
RLVAA	10
RLVEE	12
RMMQG	11
RMVEE	11
RNIAE	10
RNLFV	17
RNTLN	13
RQRVA	53
RRAAE	11
RRDTK	12
RRGLK	10
RRKKP	15
RRLAA	36
RRLAD	23
RRLAE	22
RRLLA	11
RRLRL	10
RRRLA	10
RRVAL	11
RRVLS	10
RRWGR	13
RSGAR	11
RSHKG	17
RSVGG	12
RSYGA	13
RTAAA	11
RTALS	10
RTNLA	10
RVAIA	34
RVAIG	11
RVALA	22
RVARE	13
RWGRK	11
SAAAA	40
SAAAL	42
SAAAR	13
SAAAS	12
SAALA	31
SAALL	22
SAAVA	12
SAIAA	18
SALAA	37
SALAL	21
SALDA	10
SALDP	10
SALDV	15
SALLG	11
SATAA	10
SAVAA	10
SAVLE	11
SAVRN	13
SEAER	12
SEGTD	10
SGAAL	10
SGAGK	10
SGAVA	10
SGCGK	75
SGGMR	12
SGGNQ	10
SGGQQ	32
SGGQR	85
SGIAA	10
SGKST	58
SGKSV	10
SGKTT	39
SGSGK	95
SHKGL	16
SHVPL	12
SIGGR	10
SKWPD	28
SLAAA	36
SLAAG	11
SLAAL	26
SLADL	11
SLDGT	10
SLLAA	10
SLLLL	10
SLRLV	11
SLRMV	12
SLSGG	13
SNLDA	30
SPALA	10
SPKRI	13
SRKDI	21
SRLTA	12
SSGIG	12
SSILP	10
SSSIL	10
SSSSS	20
STLLR	29
SVAAL	15
SVFSA	13
SVGGL	17
SVQAG	11
SVSSL	12
SYALY	11
SYETI	18
SYGAA	14
SYKNH	17
SYTLG	14
TAAAA	30
TAAAI	10
TAAAL	52
TAAFA	11
TAAIA	11
TAARA	10
TADCK	16
TAIAV	12
TALAA	39
TALDV	16
TALLA	11
TAYAR	10
TDKLR	19
TDTVR	10
TGATA	10
TGGAG	12
TGLAA	10
TGLGL	29
THIHR	13
TIRRW	20
TKAAK	16
TLAAL	11
TLGAL	11
TLGAN	11
TLIGG	16
TLLAA	11
TLNAQ	13
TLRNT	14
TLVLA	10
TNLLA	25
TQQNA	10
TRALL	10
TRRDT	12
TRVAR	10
TSALD	44
TTALD	16
TVDVK	10
TVEAG	12
TVRTN	11
TVSDV	10
TWKDL	11
TYNGT	10
VAAAA	48
VAAAG	21
VAAAI	14
VAAAL	47
VAAAT	11
VAAAV	16
VAAGL	26
VAAGV	10
VAAIA	11
VAALA	48
VAALG	10
VAALL	31
VAALV	10
VAARL	34
VAASA	12
VAAVA	12
VADAA	10
VADAL	11
VADLA	10
VAEAA	21
VAGAA	21
VAGAL	10
VAGFI	12
VAGGA	10
VAGIA	11
VAGLA	23
VAGLL	13
VAIAL	20
VAIAR	46
VAIGR	13
VAITG	11
VAIVG	13
VALAA	47
VALAE	10
VALAL	21
VALAR	27
VALGA	12
VALLL	14
VALSL	21
VALTA	12
VALVG	19
VALVL	12
VANAF	13
VANAL	17
VAPAL	10
VAPHQ	12
VAQEV	14
VARAA	11
VARAL	13
VAREV	11
VARLA	20
VATAA	10
VAVAA	20
VAVIG	12
VDALL	15
VDATV	10
VDNAG	11
VDQDG	21
VEAAA	11
VEAAR	48
VEAGA	12
VEALR	11
VEEML	19
VEHRS	16
VENLT	15
VFQDP	11
VFQSY	24
VFSAV	13
VGALA	10
VGDGA	10
VGESG	39
VGGLQ	12
VGLAA	24
VGLAG	11
VGPSG	33
VIAAA	21
VIAAV	15
VIALA	11
VIATG	12
VIDEI	10
VIGAG	37
VISIG	18
VLAAA	41
VLAAG	15
VLAAL	28
VLAAV	15
VLAGA	12
VLAGG	11
VLAGL	23
VLALA	30
VLDEI	21
VLGAG	14
VLIGA	14
VLLAA	25
VLLAV	11
VLLLA	10
VLLLD	11
VLREI	12
VLRSG	10
VLVAG	10
VMPGV	13
VNNAG	25
VPKSV	10
VPLRK	13
VQTRR	13
VREAL	14
VRELA	36
VRLLK	15
VRNIA	11
VRNLF	12
VRTNL	10
VSAAA	34
VSAAR	10
VSSLD	11
VSTGD	10
VSYET	16
VSYKN	12
VTAAI	14
VTDKL	15
VTHDQ	50
VTLLA	10
VTRVA	11
VVAAA	37
VVAGL	12
VVAIT	10
VVAQE	12
VVISI	19
VVLGA	11
VVLVG	15
VVSYE	16
VVVGG	10
VWLYF	20
WGRKF	12
WHLDE	18
WKAVT	16
WKDLT	11
WLWRA	21
WLYFR	20
WPDTA	24
WRAVD	19
YALYP	27
YARQL	10
YETIR	17
YFRFP	19
YGAAK	10
YKNHR	17
YNGTA	10
YTLGA	11
YVLDE	19
YVTHD	30
