k-mer	Rleg_Count
AAAAA	132
AAAAD	33
AAAAE	36
AAAAF	26
AAAAG	67
AAAAI	46
AAAAK	23
AAAAL	91
AAAAP	28
AAAAR	40
AAAAS	14
AAAAT	30
AAAAV	41
AAADA	29
AAADE	10
AAADL	13
AAAEA	34
AAAEE	10
AAAEG	15
AAAEI	12
AAAEK	10
AAAEL	25
AAAER	12
AAAET	12
AAAFA	22
AAAFG	12
AAAGA	48
AAAGG	31
AAAGI	31
AAAGL	36
AAAGR	24
AAAGS	25
AAAGV	24
AAAIA	56
AAAIE	22
AAAIG	25
AAAIL	32
AAAIR	27
AAAIS	14
AAAIV	10
AAAKA	35
AAAKL	13
AAAKR	11
AAAKT	10
AAALA	111
AAALD	31
AAALE	34
AAALG	62
AAALI	28
AAALK	10
AAALL	43
AAALP	30
AAALR	37
AAALS	34
AAALT	21
AAALV	31
AAANL	12
AAAPA	43
AAAPL	10
AAAPV	16
AAAQA	26
AAARA	41
AAARD	13
AAARE	26
AAARI	12
AAARK	12
AAARL	45
AAARN	10
AAARQ	10
AAARR	34
AAARV	10
AAASA	29
AAASG	34
AAASI	11
AAASL	31
AAASR	11
AAASS	11
AAASV	14
AAATA	49
AAAVA	53
AAAVG	28
AAAVI	13
AAAVL	18
AAAVS	11
AAAVT	10
AAAVV	22
AAAYA	10
AADAA	32
AADAL	10
AADAV	13
AADEA	10
AADFA	11
AADGS	12
AADLA	30
AADPA	10
AADRL	11
AADVV	10
AAEAA	47
AAEAG	13
AAEAL	16
AAEAR	11
AAEDA	12
AAEEA	24
AAEGA	13
AAEIA	25
AAEIL	10
AAEKA	27
AAELA	28
AAELG	27
AAELL	10
AAERA	10
AAERD	10
AAERL	39
AAETA	10
AAFAA	48
AAFAG	23
AAFAL	25
AAFEA	10
AAFGA	11
AAFGL	10
AAGAA	44
AAGAD	10
AAGAG	16
AAGAI	14
AAGAL	12
AAGAS	11
AAGAV	25
AAGDA	11
AAGDL	10
AAGEA	20
AAGEL	10
AAGGA	11
AAGGG	11
AAGGL	14
AAGGT	10
AAGIA	27
AAGID	10
AAGIG	14
AAGIP	10
AAGIS	13
AAGIV	10
AAGLA	42
AAGLD	13
AAGLE	11
AAGLG	31
AAGLL	15
AAGLP	26
AAGLT	12
AAGLV	14
AAGRE	10
AAGRL	16
AAGSA	15
AAGSG	11
AAGSL	11
AAGTI	10
AAGTL	11
AAGVA	31
AAGVT	13
AAHAA	10
AAIAA	85
AAIAD	11
AAIAE	11
AAIAF	11
AAIAG	29
AAIAL	28
AAIAR	11
AAIAS	10
AAIDA	15
AAIEA	41
AAIGA	27
AAIGG	10
AAIGL	12
AAILA	29
AAILG	14
AAILL	12
AAIRA	12
AAIRE	12
AAIRS	11
AAISA	29
AAISL	10
AAITA	10
AAIVA	12
AAIVL	12
AAKAA	39
AAKAG	13
AAKAL	10
AAKAV	11
AAKEI	22
AAKLA	16
AAKPA	12
AAKRD	20
AAKRL	20
AAKTG	10
AALAA	119
AALAD	14
AALAE	51
AALAG	56
AALAI	25
AALAK	11
AALAL	43
AALAP	10
AALAR	31
AALAS	22
AALAT	11
AALAV	43
AALDA	33
AALDE	11
AALDG	26
AALDL	15
AALEA	33
AALEE	14
AALER	13
AALFL	11
AALGA	28
AALGG	25
AALGI	24
AALGL	40
AALGV	29
AALIA	48
AALIG	25
AALIL	10
AALKA	48
AALKD	12
AALLA	66
AALLD	11
AALLG	32
AALLI	11
AALLL	34
AALLS	31
AALLT	11
AALLV	24
AALPA	22
AALRA	32
AALRR	15
AALSA	36
AALSD	10
AALSE	12
AALSG	22
AALSL	25
AALSR	13
AALTA	35
AALTG	12
AALVA	44
AALVL	11
AALVT	11
AALVV	10
AAMAA	29
AAMVE	12
AANAA	10
AANAL	26
AAPAA	40
AAPAF	12
AAPAL	10
AAPAP	15
AAPAS	10
AAPGG	10
AAPVA	11
AAQAA	10
AAQAL	10
AAQLG	10
AARAA	58
AARAE	11
AARAG	62
AARAI	14
AARAL	31
AARAR	10
AARDL	11
AAREA	29
AAREL	10
AARLA	36
AARLG	17
AARLL	26
AARLR	13
AARLV	11
AARPA	11
AARRA	31
AARRG	10
AARRL	29
AARRR	11
AARRV	10
AARTA	10
AARVA	14
AASAA	41
AASAL	11
AASAV	12
AASGR	12
AASGS	14
AASIV	11
AASLA	29
AASLE	10
AASLG	23
AASLS	11
AASLV	12
AASPA	11
AASVA	29
AASVL	10
AATAA	36
AATAL	13
AATAP	10
AATLA	28
AATLL	10
AATQA	12
AATTA	10
AAVAA	68
AAVAD	23
AAVAE	20
AAVAG	30
AAVAL	35
AAVAQ	12
AAVAR	11
AAVAS	11
AAVAV	23
AAVDA	32
AAVEA	30
AAVGA	26
AAVGG	11
AAVGL	12
AAVIA	21
AAVIV	11
AAVKA	11
AAVLA	46
AAVLG	24
AAVLL	21
AAVLT	11
AAVSA	13
AAVTA	13
AAVVA	12
AAVVG	23
ADAAA	36
ADAAG	20
ADAAL	12
ADAAR	24
ADAAV	10
ADAGV	10
ADAIA	17
ADAIG	11
ADALA	33
ADASL	11
ADAVA	15
ADCKN	18
ADELA	11
ADEPT	47
ADGTV	12
ADIAA	14
ADIAR	10
ADIDA	15
ADKIV	10
ADLAA	31
ADLAE	16
ADLAK	22
ADLAL	10
ADLAR	23
ADLDA	15
ADLIV	15
ADLKA	10
ADLLA	23
ADRAA	11
ADRLA	13
ADRLR	12
ADTLI	15
ADVAA	12
ADVLA	10
AEAAA	49
AEAAD	13
AEAAE	21
AEAAG	11
AEAAK	13
AEAAL	33
AEAAR	46
AEADR	10
AEAEA	26
AEAFA	13
AEAGA	10
AEAGG	10
AEAGL	12
AEAIA	14
AEALA	30
AEALE	10
AEALG	23
AEALK	10
AEALV	10
AEARA	21
AEAVR	24
AEDAA	10
AEEAA	25
AEEAG	15
AEEAR	13
AEEIA	10
AEELG	11
AEFAA	12
AEGRL	25
AEIAA	36
AEIAR	24
AEIEA	11
AEIVA	10
AEKAA	10
AEKLA	12
AELAA	36
AELAG	10
AELAK	12
AELAR	14
AELEA	12
AELTA	12
AENSH	17
AERAA	17
AERAL	24
AERDI	11
AERIA	12
AERLA	27
AERLS	10
AERRA	11
AETAA	12
AETAI	10
AETAL	11
AETLA	10
AEVAA	13
AFAAA	36
AFAAE	13
AFAAG	13
AFAAL	10
AFAAP	12
AFAAV	12
AFAER	10
AFAGL	11
AFALA	10
AFGLA	11
AFLAA	11
AFNAL	13
AFQTN	28
AGAAA	35
AGAAG	19
AGAAI	22
AGAAL	39
AGAAS	11
AGAAV	15
AGADT	19
AGADV	13
AGAEV	14
AGAGA	11
AGAGS	14
AGAIA	11
AGAIV	14
AGALA	12
AGALG	10
AGALI	12
AGALL	27
AGALS	10
AGALV	10
AGASA	12
AGASL	10
AGAVA	23
AGAVL	12
AGAVT	10
AGAVV	12
AGDAA	12
AGDAL	11
AGDAV	10
AGDDI	11
AGDSV	11
AGDVV	11
AGEAA	11
AGEAG	27
AGEAL	10
AGEIV	11
AGERL	23
AGFAG	11
AGFEA	10
AGFIG	22
AGGAA	11
AGGAL	11
AGGIA	11
AGGLL	15
AGGTV	10
AGGVA	10
AGIAA	28
AGIAG	10
AGIAL	14
AGIDL	11
AGIEA	10
AGIPV	15
AGIVA	10
AGIVG	11
AGKGF	26
AGKST	63
AGKTT	28
AGLAA	64
AGLAD	10
AGLAG	27
AGLAI	12
AGLAL	14
AGLAV	19
AGLDA	12
AGLDV	13
AGLGL	28
AGLLA	26
AGLLL	15
AGLLV	23
AGLPL	16
AGLRL	10
AGLSA	17
AGLTA	12
AGLTL	11
AGLVA	29
AGLVG	12
AGLVL	11
AGNDT	18
AGRLA	22
AGRLV	10
AGSGD	11
AGTLG	10
AGTWK	10
AGVAA	13
AGVAG	13
AGVAL	10
AGVEA	33
AGVGL	10
AGVLA	10
AGVTA	12
AIAAA	72
AIAAD	11
AIAAE	25
AIAAG	48
AIAAI	21
AIAAL	40
AIAAR	25
AIAAS	25
AIAAT	11
AIAAV	24
AIADA	10
AIAEA	20
AIAER	11
AIAGL	16
AIAKG	10
AIALA	38
AIALG	14
AIALL	28
AIALV	11
AIANA	13
AIARA	69
AIAVA	18
AIDAA	12
AIDAL	10
AIDEA	10
AIEAA	28
AIEAG	12
AIEAI	10
AIEAL	11
AIERN	18
AIGAG	12
AIGLA	12
AIGLG	12
AIGLV	12
AIGRA	25
AIIAA	23
AIIAL	14
AILAA	33
AILAG	20
AILAL	11
AILLA	10
AIRAL	10
AIRRA	10
AISAA	13
AISAL	11
AITAA	10
AITGA	10
AIVAA	23
AIVLA	11
AKAAA	10
AKAAE	23
AKAAG	29
AKAAL	11
AKAAR	10
AKADG	10
AKAEA	11
AKALA	13
AKALE	10
AKALG	23
AKALL	10
AKAVG	10
AKEIK	12
AKELG	10
AKLAA	21
AKLAG	13
AKLRV	10
AKLVA	10
AKPAA	10
AKRDV	13
AKRLL	18
ALAAA	103
ALAAD	28
ALAAE	36
ALAAF	10
ALAAG	65
ALAAI	39
ALAAK	20
ALAAL	82
ALAAM	11
ALAAQ	10
ALAAR	32
ALAAS	48
ALAAT	27
ALAAV	45
ALADA	34
ALADG	12
ALADL	28
ALADR	26
ALAEA	35
ALAEG	13
ALAER	24
ALAET	10
ALAFA	30
ALAFL	11
ALAGA	34
ALAGF	11
ALAGG	23
ALAGI	10
ALAGL	49
ALAGR	24
ALAGS	13
ALAGT	21
ALAIA	27
ALAIL	13
ALAIV	11
ALAKA	10
ALALA	62
ALALD	17
ALALG	23
ALALI	10
ALALL	37
ALALR	10
ALALV	25
ALAQA	12
ALARA	37
ALARG	11
ALARL	11
ALARR	27
ALARS	11
ALASA	15
ALASG	15
ALASL	10
ALATA	29
ALATH	12
ALATL	13
ALAVA	31
ALAVG	14
ALAVL	28
ALAVV	11
ALDAA	27
ALDAL	11
ALDEL	10
ALDGA	10
ALDLL	13
ALDPE	23
ALDVT	27
ALEAA	32
ALEAG	13
ALEAL	23
ALEAV	10
ALEEI	10
ALERA	16
ALERL	23
ALETA	12
ALFAA	22
ALFGA	11
ALFLA	10
ALGAA	33
ALGAL	28
ALGFW	12
ALGGA	12
ALGGL	17
ALGIA	11
ALGID	11
ALGLA	33
ALGLG	12
ALGLL	29
ALGLP	10
ALGLT	11
ALGRA	10
ALGSA	10
ALGVA	15
ALGVS	10
ALGVV	21
ALIAA	32
ALIAG	15
ALIAR	11
ALIAV	12
ALIEA	10
ALIGG	10
ALIGL	12
ALIIA	10
ALILA	11
ALITA	12
ALIVA	10
ALKAA	24
ALLAA	56
ALLAE	37
ALLAF	10
ALLAG	26
ALLAL	41
ALLAR	22
ALLAS	21
ALLDA	12
ALLEA	12
ALLFG	10
ALLGA	27
ALLGI	12
ALLGK	10
ALLGL	24
ALLIA	17
ALLLA	32
ALLLG	12
ALLLL	30
ALLLP	10
ALLPA	10
ALLPV	12
ALLRA	10
ALLSA	10
ALLSL	13
ALLTA	11
ALLVA	10
ALLVG	10
ALMAA	11
ALNAG	34
ALNAL	20
ALPAA	11
ALPLI	10
ALQAA	10
ALQAL	10
ALRAA	15
ALRAL	12
ALREA	20
ALREL	10
ALRER	15
ALRGL	10
ALRLA	21
ALSAA	30
ALSAG	23
ALSAL	20
ALSAV	12
ALSEA	11
ALSEG	10
ALSGA	21
ALSGG	12
ALSIA	12
ALSKW	33
ALSLA	25
ALSLG	10
ALSLS	10
ALSRA	12
ALSRL	22
ALSRR	11
ALSVL	10
ALTAA	35
ALTAR	12
ALTAS	13
ALTAT	10
ALTGL	10
ALTLA	12
ALVAA	43
ALVAG	21
ALVAL	26
ALVAT	10
ALVEA	10
ALVGA	20
ALVGE	10
ALVGS	12
ALVIA	10
ALVLA	11
ALVLL	12
ALVLT	10
ALVTG	25
ALVVL	11
ALYPH	14
AMAAA	27
AMALA	21
AMAQW	19
AMGRA	10
AMLAA	10
AMTMA	11
AMVFQ	42
ANAAA	13
ANAFN	12
ANALA	25
ANALN	17
ANAVA	11
ANDAA	13
ANGDL	10
ANVEN	14
APAAA	31
APAAL	10
APAAP	23
APAAT	10
APAFA	10
APAIA	12
APALA	29
APAPA	28
APAVA	15
APDLA	10
APHQR	11
APLAA	24
APLLA	10
AQAAL	11
AQALA	10
AQALL	10
AQEVA	10
AQEVR	26
AQGVA	11
AQRSA	29
AQWKA	21
ARAAA	39
ARAAE	11
ARAAG	27
ARAAL	14
ARAAR	15
ARAEA	10
ARAET	11
ARAGE	35
ARAIA	22
ARAIL	12
ARAKA	10
ARAKG	12
ARALA	86
ARALG	14
ARALI	24
ARALL	10
ARALS	11
ARALV	13
ARARA	23
ARAVA	28
ARAVW	19
ARDLA	13
AREAA	12
AREAL	10
ARELA	10
ARELG	23
ARERL	10
AREVG	16
ARIAA	12
ARIEA	13
ARKAG	12
ARLAA	40
ARLAD	11
ARLAE	11
ARLAG	35
ARLGA	10
ARLGG	14
ARLGL	10
ARLLA	14
ARLLD	21
ARLSG	10
ARLVA	10
ARRAA	10
ARRAG	10
ARRLA	48
ARRLG	16
ARRLL	16
ARRLR	10
ARVLA	14
ASAAA	24
ASAAE	11
ASAAL	24
ASAAP	10
ASAET	10
ASAIA	12
ASALA	22
ASALG	10
ASALL	11
ASAVA	23
ASEAA	10
ASEGT	10
ASGRL	11
ASIAG	10
ASIVV	11
ASLAA	29
ASLAD	10
ASLAG	10
ASLAL	10
ASLEE	10
ASLGI	10
ASLLA	27
ASLLD	11
ASLNG	11
ASLSA	10
ASLSS	10
ASRAA	10
ASRLA	10
ASSGI	13
ASVAA	23
ASVAL	21
ASVLA	11
ASYTL	11
ATAAA	23
ATAAI	10
ATAAS	22
ATAEA	10
ATAIA	12
ATALA	31
ATASA	10
ATEAA	10
ATHIH	13
ATIAA	11
ATLAA	17
ATLAL	10
ATLLL	12
ATPEG	10
ATRAA	10
ATSAL	14
ATVAA	23
ATVEA	14
ATVTD	11
AVAAA	66
AVAAE	17
AVAAF	10
AVAAG	35
AVAAI	14
AVAAL	42
AVAAS	10
AVAAV	12
AVADA	26
AVADL	12
AVAEA	11
AVAGA	39
AVAGF	10
AVAGG	23
AVAGL	15
AVAIA	23
AVAIG	12
AVALA	52
AVALF	10
AVALG	11
AVALL	14
AVALS	12
AVARA	22
AVARE	10
AVARL	11
AVASA	12
AVAVA	26
AVAVV	13
AVDAA	10
AVDAV	13
AVDNA	11
AVDQD	19
AVDRL	10
AVEAA	29
AVEAG	25
AVEAL	10
AVGAA	17
AVGAL	10
AVGLA	12
AVGLG	10
AVIAA	12
AVIAG	10
AVIDA	11
AVIEA	13
AVIGA	12
AVIGG	23
AVILA	10
AVIVV	10
AVLAA	63
AVLAE	10
AVLAG	29
AVLAL	22
AVLAR	10
AVLAV	10
AVLGA	12
AVLGG	11
AVLLA	32
AVLLP	11
AVLRE	10
AVLTA	11
AVLVA	10
AVPAA	11
AVQAA	11
AVRAA	12
AVRDA	11
AVREA	10
AVRNL	17
AVSAA	30
AVSAL	13
AVSAV	10
AVTAA	13
AVTGA	12
AVVAA	26
AVVAG	11
AVVAL	12
AVVAQ	30
AVVAR	10
AVVAS	10
AVVIG	10
AVVLA	13
AVWLY	19
AYAPM	10
AYARQ	10
CGKST	51
CGKTT	10
CKNAA	20
DAAAA	27
DAAAL	17
DAAAR	10
DAAAV	10
DAAGA	10
DAAGL	10
DAAIA	10
DAAKA	12
DAALA	12
DAARA	26
DAARR	25
DAAVA	23
DADLA	10
DAEAA	14
DAETA	12
DAIAA	21
DAKLR	13
DALAA	40
DALAR	10
DALIA	21
DALKA	10
DALLP	10
DAPNL	12
DATVT	11
DAVAA	24
DAVLA	11
DAVRA	23
DAVSD	11
DCKNA	18
DDDDD	12
DDGEA	11
DEAAA	12
DEAGL	10
DEIAA	10
DEIAF	13
DEIVQ	18
DEPLS	46
DEPTA	14
DEPTL	20
DEPTN	10
DEPTS	47
DEPTT	22
DEVVI	21
DGAIA	10
DGGAG	10
DGKPL	10
DGKVT	10
DGRDR	12
DGYVL	17
DHSSV	10
DIAAA	10
DIAMV	11
DIWHL	17
DKLRS	21
DLAAA	42
DLAAE	12
DLAER	12
DLAKA	10
DLARR	10
DLAVA	11
DLAVG	11
DLDAA	26
DLFGG	10
DLLAL	10
DLLSL	10
DNAGD	11
DPETG	10
DPLTG	11
DQDGY	17
DRAAA	11
DRATV	10
DRDIA	11
DRIVV	12
DRLAA	14
DRLGR	10
DRLLA	11
DRLSE	10
DTADC	24
DTKAA	13
DTLDG	11
DTLIG	14
DTLNG	13
DTLSV	11
DTVRT	10
DVAAA	26
DVSAA	10
EAAAA	38
EAAAE	10
EAAAI	10
EAAAK	15
EAAAL	33
EAAAR	40
EAAEL	10
EAAFA	14
EAAGA	15
EAAGG	10
EAAGI	11
EAAGL	12
EAAGR	10
EAAGV	10
EAAIA	26
EAAKA	24
EAALA	30
EAARA	70
EAARE	12
EAARI	10
EAARL	37
EAARR	28
EAAVA	15
EAAVD	11
EAEAA	14
EAERR	14
EAGAA	15
EAGAV	10
EAGKG	11
EAGVT	10
EAIAA	30
EAIAL	10
EAIAR	12
EAKAA	10
EALAA	61
EALAE	10
EALAG	15
EALAL	11
EALAR	23
EALAS	12
EALAT	10
EALGR	10
EALKR	10
EALLA	12
EALRA	11
EALRE	12
EALRL	24
EALRQ	10
EALSA	10
EALTA	10
EAMTM	11
EARAA	17
EARLA	10
EARRL	23
EASAR	12
EATSA	10
EAVAA	14
EAVRR	16
EEAAA	11
EEAAR	24
EEALA	14
EEALR	13
EEARA	17
EEMFK	10
EEMLL	19
EERLA	11
EETAA	27
EGTDT	12
EHRSH	20
EIAAA	23
EIAAI	11
EIAAR	10
EIAFQ	11
EIAKA	13
EIARA	13
EIARL	12
EIARR	10
EIAVA	10
EISAA	10
EIVQT	12
EKAAA	11
EKLAA	24
ELAAA	17
ELAAL	21
ELAEA	11
ELAQR	29
ELARR	23
ELGLS	10
ELLAA	21
ELLAR	23
ELSGG	44
ELVRL	11
EMFKE	10
EMLLE	19
ENGAG	14
ENLTY	10
ENSHV	12
EPLSN	31
EPTLR	16
EPTSA	20
EPTTA	13
EQAKA	11
EQQAA	21
ERAAA	14
ERAAK	12
ERAAR	11
ERALA	11
ERAVA	10
ERGFE	10
ERGIV	20
ERLAA	15
ERLAE	10
ERLAL	10
ERLAR	10
ERLIA	10
ERLLA	10
ERLRA	13
ERMMQ	11
ERNDV	13
ESAQS	10
ESGSG	35
ETAAA	31
ETARL	10
ETIAA	11
ETIRR	19
ETLAR	10
ETLRR	12
EVAAA	11
EVANA	11
EVDHS	10
EVREL	32
EVTRV	13
EVVIS	20
FAAAA	13
FAAGL	11
FAALL	21
FAAPA	10
FAATA	10
FAGTG	10
FALAA	11
FAVVA	37
FDEPL	27
FDEPT	10
FEVDH	10
FGAAY	10
FIGSP	11
FISVF	14
FKERG	11
FLAGL	10
FLASD	10
FLFDE	14
FLGLG	10
FNALS	12
FPLSL	18
FPPQI	18
FQSYA	35
FQTNL	28
FRFPL	18
FRSVG	15
FSAAA	11
FSAVR	16
FSGGQ	10
FTGST	11
FVAGF	13
FVAPH	14
FVAVA	10
GAAAA	36
GAAAG	11
GAAAL	31
GAAAV	24
GAAFA	11
GAAGA	13
GAAGG	20
GAAGL	11
GAAGS	14
GAAIA	10
GAAIV	12
GAAKR	12
GAALA	50
GAALI	24
GAALS	11
GAALT	11
GAARL	10
GAASA	14
GAAVA	24
GAAVG	21
GAAYA	10
GADIA	10
GADTL	21
GADVA	11
GADVV	12
GAGAA	10
GAGAV	13
GAGDD	16
GAGIV	11
GAGKS	69
GAGKT	44
GAGLA	13
GAGLL	10
GAGLV	10
GAGND	26
GAIAA	10
GAIAG	12
GAIAI	10
GAIAL	12
GAIVG	11
GALAA	24
GALAG	38
GALAL	23
GALIG	21
GALLA	21
GALLG	11
GALLI	10
GALLL	14
GALTA	10
GALVA	23
GALVG	14
GANDA	10
GANVE	10
GARAA	10
GARVA	12
GARVL	10
GASAA	10
GASLA	25
GASSG	10
GAVAA	30
GAVAG	16
GAVAV	13
GAVIG	12
GAVVS	10
GCGKS	54
GDAAR	11
GDAVS	13
GDSVT	10
GEAAA	28
GEAAF	11
GEAGK	11
GEAGR	10
GEALA	12
GEALK	10
GEILE	10
GENGA	14
GESGS	37
GFAVV	34
GFEVD	11
GFIGS	10
GFRSV	19
GGAAA	26
GGAAL	13
GGAGA	14
GGAGD	16
GGAGN	26
GGAGS	10
GGAIA	16
GGAIV	10
GGAVL	10
GGAVV	10
GGGFG	10
GGGGG	40
GGGGN	10
GGIDL	10
GGLAA	13
GGLQR	14
GGMRQ	10
GGNGG	10
GGNQQ	16
GGQQQ	43
GGQRQ	86
GGTGA	10
GGTGN	10
GGVAA	11
GIAAA	37
GIAAL	12
GIAGL	11
GIALA	21
GIALG	10
GIDLS	17
GIEAA	10
GIGAA	26
GIGLA	14
GIGRA	10
GIPVV	12
GIRES	10
GIRPE	22
GIRVN	12
GISAA	11
GISGL	10
GIVVS	21
GKGFA	34
GKLTV	10
GKSTL	137
GKTTL	52
GKTTT	20
GLAAA	59
GLAAE	21
GLAAF	10
GLAAG	35
GLAAI	10
GLAAL	38
GLAAV	28
GLAGL	16
GLAGS	10
GLAGV	11
GLAIA	14
GLAIG	10
GLALA	31
GLALG	20
GLALL	28
GLALS	13
GLALV	15
GLASG	11
GLATG	10
GLAVA	11
GLDAA	10
GLDLG	10
GLEAA	11
GLGAA	10
GLGIA	13
GLGLA	34
GLGLG	12
GLGLP	10
GLGLS	24
GLIAA	11
GLLAG	30
GLLAL	14
GLLLA	27
GLLLG	10
GLLLI	14
GLLTA	11
GLNNR	16
GLPAA	12
GLPLA	11
GLQRF	18
GLRAA	11
GLSAA	10
GLSAG	10
GLSGA	10
GLSPK	13
GLSVL	10
GLTAA	12
GLTAL	14
GLTVA	10
GLVAA	16
GLVAG	10
GLVAL	11
GLVGA	10
GLVLA	11
GMRQR	11
GMVFQ	11
GNDTL	18
GNGGG	11
GNQQK	12
GPIAA	10
GPNGA	22
GPSGC	47
GPSGS	11
GPVPV	10
GQQQR	29
GQRQR	78
GRAIV	13
GRALL	11
GRKFG	10
GRLAA	18
GRLGG	10
GSAAA	10
GSAGA	13
GSGKS	80
GSGKT	56
GSLAA	11
GSLSG	10
GTAAF	10
GTALA	12
GTDTV	11
GTGLG	29
GTGND	10
GTGNS	10
GTWKD	10
GVAAA	27
GVAGT	13
GVANA	16
GVEAA	27
GVEAL	10
GVEHR	15
GVGKT	12
GVIAA	11
GVLAA	17
GVLLA	13
GVPAV	10
GVRLL	10
GVVAA	15
GYVLD	20
HIHRI	18
HKGLN	16
HLDEV	20
HQRHS	11
HRFPP	18
HRIRA	18
HRSHK	17
HSALA	11
HSSVN	10
HVPLR	12
HWLWR	18
IAAAA	51
IAAAE	13
IAAAG	10
IAAAI	28
IAAAK	13
IAAAL	39
IAAAR	32
IAAAS	11
IAAAV	33
IAAGA	35
IAAGI	12
IAAGL	12
IAAIV	10
IAALA	32
IAALE	10
IAALI	10
IAALK	12
IAALL	12
IAARA	11
IAARL	12
IAASL	14
IAAVA	14
IAAVL	12
IADEP	14
IAEAA	24
IAEAL	10
IAFQT	32
IAGAA	14
IAGAL	13
IAGLA	22
IAGLE	28
IAGLG	23
IAGLL	20
IAGLV	25
IAIAA	10
IAIAR	10
IAIGL	11
IAKAL	11
IALAA	27
IALAL	26
IALIG	10
IALLG	10
IALLL	12
IALVL	10
IAMVF	16
IARAA	10
IARAL	80
IARAV	18
IASAG	11
IASLA	11
IASLL	11
IAVAA	26
IAVLA	10
IAVLP	10
IDAAL	20
IDEIA	27
IEAAA	11
IEAAG	12
IEAAR	42
IEAGR	10
IEALA	12
IERND	13
IGAAA	24
IGAAL	15
IGAGA	10
IGALA	13
IGGAA	11
IGGAG	22
IGGAL	11
IGGGI	11
IGGLA	10
IGGVA	10
IGIAA	13
IGLAA	14
IGLAL	21
IGRAL	12
IGRRL	10
IGVID	11
IHRIR	18
IIARA	18
IIGAG	11
IIGGA	10
IIGVI	13
ILAAA	26
ILAAL	24
ILAGA	13
ILAGL	10
ILDEP	23
ILLAA	11
ILLLA	11
IRAAL	11
IRAMA	18
IRDRG	10
IRESA	10
IRPEH	10
IRRWG	11
IRVNA	15
ISAAA	23
ISAAL	12
ISIGG	17
ISVFS	14
ITAIA	10
ITGAS	11
ITHDL	11
IVAAA	21
IVAAL	12
IVAGL	12
IVGAG	11
IVLAA	13
IVLGL	11
IVLLL	10
IVQTR	12
IVTDK	12
IVVAI	13
IVVDA	10
IVVSY	15
IWHLD	17
IYVTH	14
KAAAD	11
KAAAE	11
KAAGL	13
KAAKR	15
KAEAA	13
KAGAD	14
KAIAA	11
KALAA	27
KALAE	11
KALDA	10
KALEA	23
KALEE	10
KALGL	12
KALLA	11
KAVTA	12
KDIWH	15
KERGF	10
KGFAV	31
KGFGF	10
KGLNN	17
KHWLW	19
KKPSR	14
KKQGL	14
KLAAA	13
KLAAD	10
KLAEA	11
KLAKA	10
KLALA	10
KLRSY	21
KLTVS	10
KNAAN	20
KNHRF	16
KPSRK	14
KQGLS	12
KRDVM	13
KRERM	12
KRIVT	12
KRLLV	17
KSTLL	62
KTTLL	16
KWPDT	26
LAAAA	78
LAAAE	31
LAAAF	10
LAAAG	76
LAAAI	38
LAAAK	11
LAAAL	81
LAAAM	11
LAAAP	12
LAAAR	42
LAAAS	29
LAAAV	28
LAADA	11
LAADG	13
LAAEG	28
LAAEK	12
LAAEL	25
LAAER	10
LAAFA	10
LAAGA	29
LAAGD	21
LAAGF	10
LAAGG	27
LAAGI	12
LAAGL	33
LAAGN	11
LAAGR	10
LAAGV	14
LAAIA	32
LAAIG	15
LAAIL	24
LAAIR	22
LAALA	86
LAALD	13
LAALE	23
LAALF	10
LAALG	52
LAALI	24
LAALK	12
LAALL	57
LAALP	15
LAALR	25
LAALS	26
LAALT	21
LAALV	23
LAAPA	12
LAARA	23
LAARG	11
LAARL	31
LAARP	10
LAARR	16
LAASA	28
LAASG	25
LAASL	25
LAATA	14
LAATG	10
LAATL	31
LAATV	10
LAAVA	26
LAAVE	10
LAAVF	10
LAAVG	20
LAAVI	12
LAAVL	36
LAAVP	12
LAAVV	15
LADAA	27
LADAG	15
LADAL	21
LADEP	24
LADIA	12
LADLA	13
LADLV	10
LADPA	13
LADRA	15
LADRI	20
LADRV	11
LADVA	12
LAEAA	26
LAEAG	29
LAEAI	12
LAEAL	30
LAEFG	10
LAEKA	10
LAELA	22
LAELL	11
LAERG	10
LAERL	28
LAERR	11
LAETG	10
LAETL	11
LAFAA	35
LAFAG	12
LAGAA	25
LAGAD	13
LAGAG	21
LAGAI	12
LAGAL	30
LAGAV	11
LAGEI	10
LAGGA	13
LAGGL	13
LAGGR	10
LAGIA	24
LAGIV	10
LAGKA	10
LAGLA	32
LAGLD	10
LAGLG	13
LAGLL	20
LAGLP	10
LAGLV	12
LAGRL	35
LAGSL	12
LAGTV	10
LAGVA	13
LAGVS	14
LAIAA	29
LAIAE	13
LAIAG	10
LAIAL	28
LAIAP	10
LAIGA	13
LAILL	10
LAKAG	17
LAKEL	10
LAKRL	10
LALAA	58
LALAD	11
LALAG	43
LALAI	25
LALAL	26
LALAR	11
LALAT	11
LALAV	25
LALEA	26
LALGG	11
LALGL	35
LALIA	25
LALIG	10
LALLA	26
LALLG	27
LALLL	33
LALLP	12
LALLV	10
LALNA	36
LALSL	11
LALTA	13
LALVA	10
LALVG	11
LALVL	12
LAMLA	11
LAPLA	14
LAQRS	26
LARAA	24
LARAG	10
LARAL	50
LARAV	10
LAREL	21
LARIA	10
LARLA	31
LARLG	11
LARLL	10
LARRA	11
LARRL	31
LASAA	17
LASAG	10
LASAL	11
LASDA	10
LASGA	10
LASGD	12
LASLA	16
LASVA	12
LATAA	26
LATAL	22
LATHI	11
LAVAA	23
LAVAG	14
LAVAL	20
LAVAR	12
LAVAV	11
LAVGA	11
LAVIG	10
LAVLA	46
LAVLL	10
LAVSA	13
LAYAP	11
LDAAA	29
LDAAG	13
LDAAL	25
LDAAR	13
LDAKL	13
LDALR	27
LDEAT	10
LDEIV	18
LDELL	13
LDEPT	63
LDEVV	19
LDIAA	13
LDRLA	14
LDRLG	10
LDRLS	10
LDVSV	10
LDVTI	11
LEAAG	26
LEAAR	26
LEAGA	11
LEAIA	14
LEALA	21
LEALG	10
LEAVR	12
LEEAA	11
LEEMF	10
LEKAG	12
LELGG	14
LERGI	20
LERLR	12
LFAAI	12
LFALA	10
LFDEP	46
LFLAA	12
LFPHL	10
LFVAP	14
LGAAA	24
LGAAG	21
LGAAL	18
LGAAV	22
LGAEV	10
LGAGA	11
LGAGI	10
LGALA	22
LGALL	22
LGANV	12
LGASL	10
LGATL	10
LGGLL	10
LGGQA	13
LGIAA	21
LGIAL	11
LGKDA	10
LGLAA	32
LGLAI	32
LGLAL	36
LGLAV	22
LGLGA	29
LGLGL	18
LGLLA	12
LGLLG	14
LGLLL	13
LGLLT	10
LGLSL	11
LGLTL	10
LGLVG	13
LGPSG	14
LGRLA	11
LGSAL	11
LGVAL	13
LGVRL	12
LIAAA	34
LIAAG	27
LIAAL	31
LIAAV	12
LIADE	23
LIAGA	11
LIAGL	24
LIALL	10
LIASA	14
LIAVA	10
LIEAA	23
LIGAG	10
LIGAT	11
LIGGA	26
LIGRL	11
LIGVS	10
LIIGG	10
LILAA	10
LILDE	30
LITGA	11
LKAAG	17
LKADG	10
LKAVA	10
LKKQG	15
LKRLG	11
LLAAA	62
LLAAF	11
LLAAG	45
LLAAI	26
LLAAL	46
LLAAR	10
LLAAS	11
LLAAT	16
LLAAV	24
LLAEA	18
LLAEG	12
LLAEL	11
LLAER	11
LLAES	10
LLAGA	34
LLAGD	10
LLAGG	24
LLAGI	11
LLAGL	37
LLAGS	11
LLAGV	11
LLAIA	24
LLALA	39
LLALG	14
LLALL	26
LLALN	36
LLALS	10
LLALV	11
LLARA	10
LLARL	10
LLASA	11
LLAVA	11
LLAVL	11
LLDAA	10
LLDAL	13
LLDEA	21
LLDEL	10
LLDEP	58
LLDLA	11
LLDRL	12
LLERG	27
LLERL	11
LLGAA	23
LLGAG	11
LLGAV	10
LLGGA	10
LLGGL	10
LLGLA	15
LLGLL	28
LLGVA	10
LLGVS	10
LLIAA	11
LLIGG	11
LLKKQ	15
LLLAA	34
LLLAG	26
LLLAL	30
LLLAS	12
LLLAV	14
LLLDE	56
LLLFA	10
LLLGA	12
LLLLA	10
LLLVA	10
LLPAA	10
LLPAL	10
LLPLA	10
LLREL	10
LLRGE	10
LLRLA	10
LLRRL	11
LLSAA	11
LLSAL	12
LLSAV	12
LLSGG	10
LLSGL	11
LLSLA	21
LLTAL	14
LLVAG	12
LLVAL	12
LLVDG	11
LLVLA	18
LLVRL	20
LMDEP	16
LNAGV	26
LNAIA	11
LNALS	22
LNAQG	10
LNNRA	17
LPAAA	13
LPAAL	13
LPAAV	13
LPASA	11
LPLAI	11
LPLAL	21
LPLAV	15
LPLVR	10
LPVLA	13
LQRFI	18
LRAAA	10
LRAAG	28
LRAAL	12
LRAAV	10
LRAGL	11
LRALA	10
LRALG	11
LRASG	10
LRDAG	11
LREAL	20
LREIA	10
LRERL	11
LRGVS	10
LRKAL	10
LRKLL	11
LRKRE	15
LRLAA	23
LRLAG	12
LRLVE	12
LRMIA	12
LRMVE	10
LRNTL	12
LRRAL	10
LRRKK	15
LRRLG	13
LRSGA	10
LRSYG	13
LRYPL	10
LSAAA	32
LSAAL	16
LSAEA	10
LSAGA	14
LSALA	20
LSALG	10
LSALL	10
LSAVA	10
LSDLA	10
LSFLG	10
LSGAA	22
LSGGE	31
LSGGM	16
LSGGN	15
LSGGQ	128
LSGLS	10
LSKWP	33
LSLAA	26
LSLAL	14
LSLGL	10
LSLRL	11
LSLRM	10
LSNLD	40
LSPKR	12
LSPSV	10
LSRAA	10
LSVGS	10
LSVSS	10
LTAAA	33
LTAAG	34
LTAAL	22
LTALA	15
LTALG	11
LTALL	20
LTEAG	31
LTGGA	11
LTGLG	10
LTGLP	14
LTIAL	10
LTRRL	14
LTSAL	10
LTVAE	14
LTVSD	12
LTYNG	10
LVAAA	32
LVAAG	17
LVAAL	43
LVAAS	10
LVAGA	11
LVAGL	15
LVAGV	10
LVAIG	11
LVALA	15
LVALG	24
LVALL	17
LVASG	10
LVASL	11
LVDAA	10
LVDGA	12
LVEAG	11
LVEAL	10
LVERL	11
LVGES	14
LVGPS	11
LVIGA	11
LVLAA	32
LVLAG	13
LVLAL	12
LVLGA	14
LVLSL	10
LVLTA	10
LVLVG	11
LVNNA	26
LVRLL	19
LVTGA	23
LVVAA	13
LVVAV	10
LWRAV	20
LYEAA	10
LYFRF	19
LYPHM	13
MAAAA	12
MAAAG	10
MAQWK	19
MDEPT	14
MFKER	10
MIAGL	10
MLAAA	11
MLLER	21
MMQGF	14
MPGVE	17
MQGFR	18
MTMAD	11
MVDQL	10
MVEEM	10
MVFQN	11
MVFQS	26
NAAAA	21
NAAMV	12
NAANA	20
NAFNA	12
NAGVE	23
NALAA	11
NALAG	10
NALAR	15
NALLA	10
NALNA	18
NALSK	33
NAQGV	10
NDTLN	11
NGAGK	65
NHRFP	16
NLDAK	13
NLFVA	17
NLLAL	32
NLSGG	11
NNAGI	11
NNRAE	17
NRAEN	17
NRWVL	10
NSHVP	12
NTITG	12
NTLNA	13
NVENL	16
PAAAA	40
PAAAP	13
PAAAV	10
PAADA	10
PAAEI	10
PAAIA	11
PAALA	14
PAAPA	29
PAAVA	23
PADAA	15
PADLA	13
PAGLA	10
PAIAA	12
PALAA	49
PALAL	10
PALLA	11
PALTA	10
PAPAA	27
PAPAP	25
PAVAA	12
PDAAA	10
PDLAV	10
PDTAD	25
PEAAR	10
PEGGA	10
PGVEH	16
PHQRH	11
PKRIV	12
PLAAA	27
PLALL	10
PLAVL	11
PLLAA	10
PLLRL	10
PLRKR	16
PLSAL	10
PLSLR	18
PLSNL	32
PLSYR	10
PLVAA	11
PPPPP	16
PPQII	17
PQGVA	11
PQIIA	17
PSGCG	47
PSGSG	11
PSLLL	10
PSRKD	18
PTLRN	12
PTSAL	19
PTTAL	22
PVAVA	10
QAAAA	11
QAAAL	13
QDGYV	17
QEVAN	10
QEVRE	24
QGDAV	10
QGFRS	19
QGLSP	12
QGVAN	15
QIIAR	17
QLAAA	13
QLRRK	14
QLSGG	72
QNAAM	12
QQNAA	11
QQQRV	16
QQRVA	18
QRFIS	18
QRHSA	11
QRQRV	59
QRVAI	57
QRVAL	11
QSAAA	12
QSYAL	24
QTNLL	29
QTRRD	12
QVRNI	10
QWKAV	19
RAAAA	30
RAAAE	23
RAAAI	11
RAAAL	29
RAAEI	12
RAAGI	12
RAAIA	25
RAAIL	11
RAALA	29
RAALD	11
RAALS	10
RAARA	11
RAAVA	15
RADAV	10
RAEAA	12
RAENS	17
RAETL	12
RAGDA	11
RAGEA	24
RAGLA	22
RAIAA	22
RAIEA	10
RAIVR	15
RAKGL	11
RALAA	35
RALAD	10
RALAE	11
RALAL	13
RALAV	10
RALEL	11
RALLE	12
RALRE	10
RALVR	11
RAMAQ	19
RARAA	10
RARRR	10
RASAE	12
RATVE	10
RAVAA	12
RAVDQ	18
RAVEA	11
RAVLG	10
RAVWL	19
RDIAM	12
RDINA	11
RDLAA	14
RDRGA	10
RDTKA	12
RDVMP	13
REAAA	12
REALA	10
REALR	21
REIYL	10
RELAQ	29
RELGL	10
RERLA	10
RERMM	11
REVGT	10
RFISV	14
RFLAA	10
RFPLS	18
RFPPQ	18
RGALS	10
RGFEV	10
RGIAV	10
RGIDV	10
RGIVV	19
RGLAL	10
RHSAL	11
RIAAA	10
RIAAL	10
RIIAD	10
RIRAM	18
RIVAA	11
RIVTD	12
RKAGL	10
RKDIW	15
RKKPS	14
RKLLA	11
RKRER	16
RLAAA	36
RLAAE	29
RLAAG	12
RLAAL	32
RLAAR	10
RLAAS	10
RLAAV	11
RLADA	10
RLADE	20
RLADR	10
RLAEA	24
RLAEL	11
RLAGA	11
RLAGV	11
RLALA	14
RLALE	10
RLARL	25
RLDRL	10
RLEAA	10
RLEAE	10
RLGVR	11
RLLAA	10
RLLAG	11
RLLAR	14
RLLKK	17
RLLVR	18
RLRAA	14
RLRAL	11
RLRRA	11
RLTAA	10
RLTAE	10
RLVEE	11
RMIAG	12
RMMQG	11
RMVEE	11
RNIAE	11
RNLFV	19
RNTLN	12
RPALA	11
RPARV	10
RPDLV	11
RQRVA	57
RRAAE	14
RRAAL	11
RRDTK	12
RRGLK	10
RRIAA	11
RRKKP	14
RRLAA	31
RRLAD	41
RRLAE	16
RRLGA	10
RRLLA	11
RRRLA	10
RRRRR	10
RRWGR	13
RSHKG	16
RSLAE	11
RSVGG	14
RSYGA	12
RTAAA	15
RTALS	11
RTEQQ	10
RTLAA	23
RTLSA	10
RTNLA	10
RVAEA	11
RVAIA	46
RVAIG	12
RVALA	26
RVARE	11
RVREA	11
RWGRK	10
RWVLA	10
RYPLS	10
SAAAA	38
SAAAG	22
SAAAL	38
SAAAR	24
SAAAS	13
SAAGL	10
SAALA	33
SAALL	26
SAAVA	15
SAFAA	10
SAGLA	10
SAIAA	13
SAILA	10
SALAA	29
SALAL	11
SALAT	13
SALDP	12
SALDV	14
SALLA	10
SAQAA	10
SATAA	10
SAVAA	17
SAVLA	10
SAVRN	16
SDALA	10
SDTLS	10
SEGTD	10
SGALA	11
SGASL	10
SGCGK	68
SGGAA	10
SGGMR	13
SGGNQ	15
SGGQQ	45
SGGQR	90
SGIAA	10
SGIGR	11
SGKST	58
SGKSV	10
SGKTT	36
SGSGK	91
SHKGL	16
SHVPL	12
SIAAA	10
SIGGR	10
SILAA	10
SKALA	11
SKWPD	28
SLAAA	31
SLAAG	12
SLAAL	26
SLAAS	10
SLADL	11
SLALG	12
SLATA	10
SLGLA	10
SLLAA	10
SLLAL	10
SLLLA	10
SLLSA	10
SLRMV	11
SLSGG	12
SNLDA	31
SPALA	10
SPKRI	13
SRKDI	18
SRLTA	10
SSAAL	10
SSALA	10
SSGIG	12
SSLDG	10
SSSIL	10
SSSSS	27
SSVNR	11
STLLR	36
SVAAL	27
SVFSA	15
SVGGL	16
SVGLA	11
SVLAA	10
SVNRW	10
SVQAG	11
SVSSL	12
SYALY	21
SYETI	17
SYGAA	13
SYKNH	16
SYTLG	14
TAAAA	37
TAAAI	11
TAAAL	46
TAAAV	10
TAAFA	14
TAAGE	10
TAAGL	10
TAAIA	11
TAALA	11
TAALG	10
TAALL	10
TAARA	11
TAAVA	11
TAAVL	11
TADCK	16
TAGLA	10
TAIAA	12
TALAA	41
TALAL	10
TALDV	24
TALLA	21
TALLG	11
TALVA	11
TARAL	10
TDKLR	21
TDTVR	11
TEQQA	11
TGATA	10
TGEAL	10
TGGAG	14
TGIAG	12
TGLGL	33
TGLTG	10
THIHR	15
TIRRW	19
TITGG	10
TKAAK	15
TLAAA	12
TLAAL	12
TLALA	10
TLGAN	11
TLIAA	10
TLIGG	16
TLLAA	16
TLLLA	10
TLLRM	11
TLNAQ	12
TLNGS	10
TLRNT	12
TLVVA	10
TNLAS	10
TNLLA	31
TQQNA	25
TRAAL	11
TRALL	11
TRRDT	12
TRVAR	11
TSALD	40
TTALD	15
TVAEN	10
TVRTN	11
TVSDV	11
TVTDD	10
TWKDL	11
TYNGT	10
VAAAA	42
VAAAE	10
VAAAG	27
VAAAI	27
VAAAK	11
VAAAL	44
VAAAR	22
VAAAS	11
VAAAT	13
VAAAV	33
VAAGL	30
VAAGV	13
VAAIA	11
VAAIL	10
VAALA	49
VAALE	11
VAALG	12
VAALL	37
VAALS	20
VAALV	12
VAARL	29
VAASA	10
VAAVA	13
VAAVL	10
VADAA	10
VADAL	12
VADLA	22
VADRL	12
VAEAA	23
VAEIA	11
VAENI	11
VAGAA	24
VAGAL	13
VAGFI	11
VAGGA	14
VAGIA	11
VAGLA	26
VAGLL	21
VAGLV	10
VAIAA	11
VAIAL	17
VAIAR	50
VAIGG	10
VAIGR	15
VAITG	12
VAIVG	11
VAIVL	11
VAKAA	11
VALAA	46
VALAL	24
VALAR	30
VALGA	14
VALLA	10
VALLI	10
VALLL	21
VALLS	10
VALPA	10
VALSL	13
VALTA	12
VALVG	15
VALVL	11
VANAF	12
VANAL	17
VAPAA	10
VAPHQ	14
VAQEV	26
VARAA	15
VARAL	23
VAREV	12
VARLA	11
VARLG	11
VARRL	11
VASAL	10
VASAV	10
VASLL	12
VATAA	12
VAVAA	21
VAVAR	10
VAVIG	15
VAVVA	10
VDAAV	11
VDADG	10
VDAIA	11
VDATV	11
VDAVA	10
VDDGE	11
VDHSS	10
VDNAG	11
VDQDG	20
VEAAA	22
VEAAR	42
VEAAV	10
VEAGA	15
VEALA	10
VEALR	22
VEAMT	10
VEEML	19
VEHRS	19
VENLT	16
VERDG	10
VFLFD	10
VFQSY	23
VFSAV	15
VGAAL	11
VGAAV	10
VGESG	37
VGGAV	11
VGGLQ	14
VGIAL	11
VGKST	10
VGLAA	32
VGLGL	10
VGPSG	20
VGRLA	10
VGTAL	10
VGTEG	10
VIAAA	20
VIAAL	10
VIAAV	16
VIAEA	10
VIAGL	11
VIALA	10
VIATG	10
VIDEI	12
VIGAG	28
VIGGA	10
VIGGG	10
VILLA	10
VISIG	17
VLAAA	36
VLAAG	17
VLAAL	34
VLAAR	11
VLAAS	13
VLAAT	21
VLAAV	13
VLADR	11
VLAGA	13
VLAGG	11
VLAGI	10
VLAGL	24
VLAIL	10
VLALA	33
VLALL	12
VLATG	11
VLAYA	11
VLDAA	13
VLDEA	13
VLDEI	18
VLGAG	13
VLGAV	11
VLGLA	10
VLGSL	11
VLIGA	11
VLLAA	32
VLLAV	14
VLLLA	21
VLLLD	14
VLLSG	10
VLRDG	12
VLREI	10
VLSAA	11
VLSAG	11
VLSRA	10
VLVAG	11
VMPGV	13
VNNAG	15
VNRWV	10
VPALL	11
VPEGA	10
VPLLA	11
VPLRK	13
VQTRR	12
VREAA	11
VREAL	14
VRELA	33
VRLAD	10
VRLLA	10
VRLLK	14
VRNIA	10
VRNLF	16
VRTNL	10
VSAAA	30
VSAAT	11
VSALA	10
VSDVD	11
VSLLR	10
VSYET	15
VSYKN	10
VTAAA	10
VTAAI	14
VTASG	11
VTDKL	15
VTGAG	11
VTGGG	12
VTHDQ	55
VTRVA	11
VVAAA	33
VVAAG	11
VVAAI	10
VVAAL	21
VVAGL	24
VVAIT	11
VVALA	10
VVAQE	26
VVGAG	11
VVGLA	11
VVIGG	11
VVISI	19
VVLGA	13
VVLGG	10
VVLVG	11
VVSYE	15
VVVGG	14
VWLYF	19
WGRKF	11
WHLDE	19
WKAVT	18
WKDLT	11
WLWRA	20
WLYFR	19
WPDTA	24
WRAVD	20
WVLAY	10
YALYP	28
YAPMI	10
YETIR	16
YFRFP	18
YGAAK	12
YGLVA	11
YKNHR	16
YNGTA	10
YPLSY	10
YTLGA	11
YVLDE	17
YVTHD	44
